:020000040800F2
:100000000000012039260008392300084123000898
:10001000492300085123000859230008000000006C
:100020000000000000000000000000006123000844
:100030006F230008000000007D2300088B230008C8
:1000400089260008892600088926000889260008D4
:1000500089260008892600089723000889260008B9
:1000600089260008892600088926000889260008B4
:1000700089260008892600088926000889260008A4
:10008000892600088926000889260008000000004B
:1000900000000000000000000000000089260008A9
:1000A0008926000889260008892600088926000874
:1000B0008926000889260008892600088926000864
:1000C0008926000889260008892600088926000854
:1000D00089260008892600088926000800000000FB
:1000E00089260008892600088926000800000000EB
:1000F0000000000000000000000000008926000849
:1001000000000000892600088926000889260008CA
:1001100000000000000000000000000000000000DF
:1001200089260008892600088926000889260008F3
:100130008926000800000000000000000000000008
:1001400000000000000000000000000089260008F8
:1001500089260008892600088926000889260008C3
:100160008926000889260008000000000000000021
:10017000000000000000000000000000000000007F
:1001800000000000892600080000000000000000B8
:0401900089260008B4
:1001A00010B5054C237833B9044B13B10448AFF3B1
:1001B00000800123237010BDD40100200000000046
:1001C0007C86000808B5034B1BB103490348AFF315
:1001D000008008BD00000000D80100207C860008D7
:1001E00010F8012B11F8013B012A28BF9A42F7D0E1
:1001F000D01A70470000000000000000000000005E
:1002000001F0FF01102A2BDB10F0070F08D010F8C7
:10021000013B013A8B422DD010F0070F42B3F6D1CB
:10022000F0B441EA012141EA014122F007047FF0E4
:1002300000070023F0E80256083C85EA010586EA3B
:10024000010685FA47F5A3FA87F586FA47F6A5FA77
:1002500087F68EB9EED1F0BC01F0FF0102F0070283
:1002600032B110F8013B013A83EA010313B1F8D12E
:100270000020704701387047002D06BF354603380F
:10028000073815F0010F07D1013015F4807F02BF48
:10029000013015F4C03F0130F0BC0138704700BF99
:1002A000034613F8012B002AFBD1181A01387047B6
:1002B00081F0004102E000BF83F0004330B54FEA17
:1002C00041044FEA430594EA050F08BF90EA020F84
:1002D0001FBF54EA000C55EA020C7FEA645C7FEA17
:1002E000655C00F0E2804FEA5454D4EB5555B8BF3A
:1002F0006D420CDD2C4480EA020281EA030382EAAB
:10030000000083EA010180EA020281EA0303362D3C
:1003100088BF30BD11F0004F4FEA01314FF4801C0F
:100320004CEA113102D0404261EB410113F0004F21
:100330004FEA03334CEA133302D0524263EB4303D8
:1003400094EA050F00F0A780A4F10104D5F1200E76
:100350000DDB02FA0EFC22FA05F2801841F10001D1
:1003600003FA0EF2801843FA05F359410EE0A5F1A5
:1003700020050EF1200E012A03FA0EFC28BF4CF0D6
:10038000020C43FA05F3C01851EBE37101F000458C
:1003900007D54FF0000EDCF1000C7EEB00006EEB99
:1003A0000101B1F5801F1BD3B1F5001F0CD3490823
:1003B0005FEA30004FEA3C0C04F101044FEA44527A
:1003C00012F5800F80F09A80BCF1004F08BF5FEA01
:1003D000500C50F1000041EB045141EA050130BDE1
:1003E0005FEA4C0C404141EB0101013C28BFB1F5F3
:1003F000801FE9D291F0000F04BF01460020B1FA3E
:1004000081F308BF2033A3F10B03B3F120020CDA10
:100410000C3208DD02F1140CC2F10C0201FA0CF0EE
:1004200021FA02F10CE002F11402D8BFC2F1200C53
:1004300001FA02F120FA0CFCDCBF41EA0C01904009
:10044000E41AA2BF01EB0451294330BD6FEA040452
:100450001F3C1CDA0C340EDC04F11404C4F120023D
:1004600020FA04F001FA02F340EA030021FA04F34F
:1004700045EA030130BDC4F10C04C4F1200220FAA6
:1004800002F001FA04F340EA0300294630BD21FAE4
:1004900004F0294630BD94F0000F83F4801306BFAA
:1004A00081F480110134013D4EE77FEA645C18BF9E
:1004B0007FEA655C29D094EA050F08BF90EA020F35
:1004C00005D054EA000C04BF1946104630BD91EA2D
:1004D000030F1EBF0021002030BD5FEA545C05D130
:1004E0004000494128BF41F0004130BD14F580046F
:1004F0003CBF01F5801130BD01F0004545F0FE41E3
:1005000041F470014FF0000030BD7FEA645C1ABF17
:10051000194610467FEA655C1CBF0B46024650EA4E
:10052000013406BF52EA033591EA030F41F400217A
:1005300030BD00BF90F0000F04BF0021704730B500
:100540004FF4806404F132044FF000054FF00001D5
:1005500050E700BF90F0000F04BF0021704730B596
:100560004FF4806404F1320410F0004548BF40426B
:100570004FF000013EE700BF42004FEAE2014FEAC0
:1005800031014FEA02701FBF12F07F4393F07F4F9B
:1005900081F06051704732F07F4208BF704793F09E
:1005A0007F4F04BF41F40021704730B54FF46074B1
:1005B00001F0004521F000411CE700BF50EA0102B4
:1005C00008BF704730B54FF000050AE050EA01025D
:1005D00008BF704730B511F0004502D5404261EBCD
:1005E00041014FF4806404F132045FEA915C3FF40E
:1005F000D8AE4FF003025FEADC0C18BF03325FEAAB
:10060000DC0C18BF033202EBDC02C2F1200300FA5B
:1006100003FC20FA02F001FA03FE40EA0E0021FA80
:1006200002F11444BDE600BF70B54FF0FF0C4CF46E
:10063000E06C1CEA11541DBF1CEA135594EA0C0F20
:1006400095EA0C0F00F0DEF82C4481EA030621EA5B
:100650004C5123EA4C5350EA013518BF52EA033596
:1006600041F4801143F4801338D0A0FB02CE4FF048
:100670000005E1FB02E506F00042E0FB03E54FF078
:100680000006E1FB03569CF0000F18BF4EF0010E70
:10069000A4F1FF04B6F5007F64F5407404D25FEA6C
:1006A0004E0E6D4146EB060642EAC62141EA55511F
:1006B0004FEAC52040EA5E504FEACE2EB4F1FD0C61
:1006C00088BFBCF5E06F1ED8BEF1004F08BF5FEADF
:1006D000500E50F1000041EB045170BD06F0004691
:1006E00046EA010140EA020081EA0301B4EB5C043E
:1006F000C2BFD4EB0C0541EA045170BD41F4801136
:100700004FF0000E013C00F3AB8014F1360FDEBF5A
:10071000002001F0004170BDC4F10004203C35DA36
:100720000C341BDC04F11404C4F1200500FA05F3B9
:1007300020FA04F001FA05F240EA020001F000425A
:1007400021F0004110EBD37021FA04F642EB0601D0
:100750005EEA430E08BF20EAD37070BDC4F10C04FA
:10076000C4F1200500FA04F320FA05F001FA04F2BE
:1007700040EA020001F0004110EBD37041F10001AA
:100780005EEA430E08BF20EAD37070BDC4F12005B5
:1007900000FA05F24EEA020E20FA04F301FA05F21D
:1007A00043EA020321FA04F001F0004121FA04F2C5
:1007B00020EA020000EBD3705EEA430E08BF20EA95
:1007C000D37070BD94F0000F0FD101F000464000CF
:1007D00041EB010111F4801F08BF013CF7D041EA51
:1007E000060195F0000F18BF704703F00046520055
:1007F00043EB030313F4801F08BF013DF7D043EA26
:100800000603704794EA0C0F0CEA135518BF95EADB
:100810000C0F0CD050EA410618BF52EA4306D1D162
:1008200081EA030101F000414FF0000070BD50EA81
:10083000410606BF1046194652EA430619D094EA0B
:100840000C0F02D150EA013613D195EA0C0F05D1F5
:1008500052EA03361CBF104619460AD181EA030149
:1008600001F0004141F0FE4141F470014FF0000001
:1008700070BD41F0FE4141F4780170BD70B54FF09C
:10088000FF0C4CF4E06C1CEA11541DBF1CEA13551C
:1008900094EA0C0F95EA0C0F00F0A7F8A4EB0504FE
:1008A00081EA030E52EA03354FEA013100F08880F5
:1008B0004FEA03334FF0805545EA131343EA1263BE
:1008C0004FEA022245EA111545EA10654FEA002673
:1008D0000EF000419D4208BF964244F1FD0404F52C
:1008E000407402D25B084FEA3202B61A65EB030588
:1008F0005B084FEA32024FF480104FF4002CB6EB45
:10090000020E75EB030E22BFB61A754640EA0C00C4
:100910005B084FEA3202B6EB020E75EB030E22BF04
:10092000B61A754640EA5C005B084FEA3202B6EB45
:10093000020E75EB030E22BFB61A754640EA9C0004
:100940005B084FEA3202B6EB020E75EB030E22BFD4
:10095000B61A754640EADC0055EA060E18D04FEA92
:10096000051545EA16754FEA06164FEAC30343EA32
:1009700052734FEAC2025FEA1C1CC0D111F4801FFF
:100980000BD141EA00014FF000004FF0004CB6E7F8
:1009900011F4801F04BF01430020B4F1FD0C88BF97
:1009A000BCF5E06F3FF6AFAEB5EB030C04BFB6EBA2
:1009B000020C5FEA500C50F1000041EB045170BD95
:1009C0000EF0004E4EEA113114EB5C04C2BFD4EBC2
:1009D0000C0541EA045170BD41F480114FF0000E46
:1009E000013C90E645EA060E8DE60CEA135594EAC2
:1009F0000C0F08BF95EA0C0F3FF43BAF94EA0C0FC5
:100A00000AD150EA01347FF434AF95EA0C0F7FF439
:100A100025AF104619462CE795EA0C0F06D152EA8D
:100A200003353FF4FDAE1046194622E750EA410671
:100A300018BF52EA43067FF4C5AE50EA41047FF482
:100A40000DAF52EA43057FF4EBAE12E74FF0FF3CE7
:100A500006E000BF4FF0010C02E000BF4FF0010CB8
:100A60004DF804CD4FEA410C7FEA6C5C4FEA430C31
:100A700018BF7FEA6C5C1BD001B050EA410C0CBF80
:100A800052EA430C91EA030F02BF90EA020F0020E2
:100A9000704710F1000F91EA030F58BF994208BF49
:100AA00090422CBFD8176FEAE37040F00100704706
:100AB0004FEA410C7FEA6C5C02D150EA013C07D15D
:100AC0004FEA430C7FEA6C5CD6D152EA033CD3D0A8
:100AD0005DF8040B704700BF8446104662468C46A2
:100AE0001946634600E000BF01B5FFF7B7FF0028D5
:100AF00048BF10F1000F01BD4DF808EDFFF7F4FFFE
:100B00000CBF012000205DF808FB00BF4DF808ED88
:100B1000FFF7EAFF34BF012000205DF808FB00BFAB
:100B20004DF808EDFFF7E0FF94BF012000205DF8CD
:100B300008FB00BF4DF808EDFFF7CEFF94BF012082
:100B400000205DF808FB00BF4DF808EDFFF7C4FF7B
:100B500034BF012000205DF808FB00BF4FEA410CC4
:100B60007FEA6C5C02D150EA013C0AD14FEA430CA7
:100B70007FEA6C5C02D152EA033C02D14FF00000E4
:100B800070474FF0010070474FEA410212F5001222
:100B900015D211D56FF47873B3EB625212D94FEAC4
:100BA000C12343F0004343EA505311F0004F23FAAE
:100BB00002F018BF404270474FF00000704750EA03
:100BC000013005D111F0004008BF6FF000407047C0
:100BD0004FF00000704700BF53B94AB9002908BF61
:100BE00000281CBF4FF0FF314FF0FF3000F088B9F4
:100BF000ADF1080C6DE904CE00F006F8DDF804E074
:100C0000DDE9022304B070472DE9F047089D0F4647
:100C100004468C46002B48D18A42164661D9B2FA66
:100C200082F34BB1C3F1200201FA03FC20FA02F275
:100C30009E4042EA0C0C9C404FEA164EB7B2BCFBF9
:100C4000FEF1220C0EFB11CC42EA0C4201FB07F034
:100C5000904209D9B21801F1FF3C80F0EE80904239
:100C600040F2EB8002393244121AA4B2B2FBFEF019
:100C70000EFB102244EA024400FB07F7A74209D901
:100C8000341900F1FF3280F0DA80A74240F2D780B9
:100C90003444023840EA0140E41B00211DB1DC402D
:100CA0000023C5E90043BDE8F0878B4206D90DB1AA
:100CB000C5E9000100210846BDE8F087B3FA83F1D9
:100CC000002948D1BB4202D3824200F20781841A34
:100CD00067EB030201209446002DE4D0C5E9004CE7
:100CE000E1E7002A00F09280B2FA82F3002B40F094
:100CF000A8808A1A4FEA164E1FFA86FC0121200CA2
:100D0000B2FBFEF70EFB172240EA02420CFB07F093
:100D1000904207D9B21807F1FF3802D2904200F290
:100D2000E2804746121AA4B2B2FBFEF00EFB10227C
:100D300044EA02440CFB00FCA44507D9341900F135
:100D4000FF3202D2A44500F2CB801046A4EB0C0483
:100D500040EA0740A2E7C1F120068B4022FA06FCD8
:100D60004CEA030C07FA01F420FA06F3F7404FEAC5
:100D70001C49234300FA01F81FFA8CFEB7FBF9F077
:100D80001C0C09FB107744EA074400FB0EF7A7424E
:100D900002FA01F20AD91CEB040400F1FF3A80F0D8
:100DA0009B80A74240F2988002386444E41B9FB2C3
:100DB000B4FBF9F309FB134447EA044403FB0EFEBA
:100DC000A64509D91CEB040403F1FF3780F08280AB
:100DD000A6457FD9023B644443EA0040A4EB0E04DD
:100DE000A0FB02E7BC427346B94663D360D05DB155
:100DF000B8EB030264EB090404FA06F622FA01F3E5
:100E00001E43CC40C5E9006400214CE76208480855
:100E100042EAC1710B0C43EA00438AB242EA034240
:100E2000B3FBF6F1E407B4463746B6461F23B0FBE2
:100E3000F6F0D21B41EA004161E7614614E7104633
:100E400028E7C3F1200120FA01F29E4027FA01F1C0
:100E50009F403A434FEA164E1FFA86FCB1FBFEF75D
:100E60000EFB1710110C41EA004107FB0CF88845F6
:100E700004FA03F43AD9711807F1FF3001D288451A
:100E80001FD8A1EB0801B1FBFEF808FB0CF70EFB25
:100E9000181192B242EA0142BA422FD2B21808F1B6
:100EA000FF31C6D2BA42C4D2A8F102013244C0E72F
:100EB000F0459CD2BEEB020367EB0C070138B94644
:100EC00095E7A6EB08084144B81EB1FBFEF808FB05
:100ED0000CF7DCE73B467FE7504667E70846FBE652
:100EE0003444023832E7023F32441BE7A1EB0801E9
:100EF0003846B1FBFEF808FB0CF7C8E7414698E717
:100F0000704700BF80B58AB000AF07F1140300221C
:100F10001A605A609A60DA601A6100233B61464B9E
:100F20001B6B454A43F004031363434B1B6B03F0F5
:100F300004033B613B690023FB603F4B1B6B3E4A54
:100F400043F0800313633C4B1B6B03F08003FB6097
:100F5000FB680023BB60384B1B6B374A43F001032F
:100F60001363354B1B6B03F00103BB60BB680023AD
:100F70007B60314B1B6B304A43F0020313632E4BF3
:100F80001B6B03F002037B607B6800224FF400516F
:100F90002A4801F0A7FE01224FF40051284801F031
:100FA000A1FE00222021264801F09CFE4FF40053B0
:100FB0007B610123BB610023FB6100233B6207F1DE
:100FC000140319461D4801F009FD01237B614FF40C
:100FD0008813BB610023FB6107F11403194619480C
:100FE00001F0FCFC4FF400537B610123BB61012342
:100FF000FB6100233B6207F114031946104801F01E
:10100000EDFC20237B610123BB610023FB610023F6
:101010003B6207F114031946094801F0DFFC002286
:101020000021062001F0A3FC062001F0BCFC00BF5B
:101030002837BD4680BD00BF00380240000802408E
:10104000000402400000024080B500AF124B134A7A
:101050001A60114B124A5A600F4B00229A600E4BD5
:101060000022DA600C4B4FF480421A610A4B0022D6
:101070005A61094B00229A61074B0022DA61064B44
:1010800000221A62044801F05FFE0346002B01D0E3
:1010900000F0DCFE00BF80BDF001002000540040E5
:1010A000A086010080B500AF124B134A1A60114BA5
:1010B000124A5A600F4B00229A600E4B0022DA60EF
:1010C0000C4B4FF480421A610A4B00225A61094BC3
:1010D00000229A61074B0022DA61064B00221A6255
:1010E000044801F031FE0346002B01D000F0AEFEB3
:1010F00000BF80BD44020020005C0040A0860100CB
:1011000080B58CB000AF786007F11C0300221A6034
:101110005A609A60DA601A617B681B68414A9342A0
:101120002CD10023BB61404B1B6B3F4A43F00203B1
:1011300013633D4B1B6B03F00203BB61BB69C02310
:10114000FB6112233B6200237B620323BB62042307
:10115000FB6207F11C031946344801F03FFC0023F1
:101160007B61314B1B6C304A43F4001313642E4BEC
:101170001B6C03F400137B617B694FE07B681B6889
:101180002B4A93424AD100233B61274B1B6B264AD3
:1011900043F001031363244B1B6B03F001033B611A
:1011A0003B690023FB60204B1B6B1F4A43F002038B
:1011B00013631D4B1B6B03F00203FB60FB684FF4D2
:1011C0008073FB6112233B6200237B620323BB62BB
:1011D0000423FB6207F11C031946164801F0FEFBCD
:1011E0001023FB6112233B6200237B620323BB625B
:1011F0000923FB6207F11C0319460C4801F0EEFBC2
:101200000023BB60084B1B6C074A43F400031364C4
:10121000054B1B6C03F40003BB60BB6800BF303799
:10122000BD4680BD0054004000380240000402402A
:10123000005C00400000024080B582B000AF002298
:101240004FF40051084801F04DFD00237B6002E09F
:101250007B6801337B607B68272BF9DD00BF00BF13
:101260000837BD4680BD00BF0004024080B582B093
:1012700000AF00237B6002E07B6801337B607B680A
:10128000272BF9DD01224FF40051034801F02AFD1C
:1012900000BF0837BD4680BD0004024080B586B05F
:1012A00002AF0346FB710023FB73FB7903F07F035E
:1012B000DBB2BB7300237B73FFF7BEFF07F10E01A8
:1012C0000A230122094802F0CCFE07F10F0207F1C0
:1012D0000D010A2300930123044803F006F8FFF7E9
:1012E000C5FFFB7B18461037BD4680BDC4020020F9
:1012F00080B586B002AF03460A46FB711346BB7148
:10130000FB7963F07F03DBB2FB73BB79BB73FFF741
:1013100093FF07F10F010A230122094802F0A1FE01
:1013200007F10D0207F10E010A230093012304487F
:1013300002F0DBFFFFF79AFF00BF1037BD4680BD0C
:10134000C402002080B500AF80210120FFF7D0FF4C
:1013500000BF80BD80B500AF81210120FFF7C8FF2D
:1013600000BF80BD90B583B000AF00F0FFF8044629
:1013700000F0B4F80346012202FA03F394FBF3F3FE
:101380004FF47A7292FBF3F33B602620FFF786FF5F
:101390000346FB713B68102B04DDFB7943F0080327
:1013A000FB7103E0FB7923F00803FB71FB7919461D
:1013B0002620FFF79DFF00BF0C37BD4690BD80B5CE
:1013C00082B000AF786039603B68002B15D17B6834
:1013D000002B02DA00237B6004E07B680E2B01DD2A
:1013E0000E237B607B685BB243F070035BB2DBB2C1
:1013F00019460920FFF77CFF2DE07B68112B10DDDB
:101400007B68142B01DD14237B607B68033B7B60CE
:1014100087214D20FFF76CFF33210B20FFF768FF7A
:101420000CE07B68012B01DC02237B6084214D20D2
:10143000FFF75EFF2B210B20FFF75AFF7B68DBB223
:10144000023BDBB25BB263F07F035BB2DBB21946F7
:101450000920FFF74DFF00BF0837BD4680BD0000E3
:10146000B0B584B000AF78607968C8170A46034603
:101470005513D404184A4FF0000320462946FFF7BD
:10148000ABFB02460B46C7E90223D7E902014FF046
:1014900000024FF00003020C42EA01420B0CD3B2EF
:1014A00019460620FFF724FFD7E902014FF000029A
:1014B0004FF00003020A42EA01620B0AD3B2194656
:1014C0000720FFF715FF3B7A19460820FFF710FFAA
:1014D00000BF1037BD46B0BD0048E80180B500AF81
:1014E0001E20FFF7DBFE03461B09DBB2184680BD5A
:1014F00080B584B000AF78607B68052B02DC0623E2
:101500007B6004E07B680C2B01DD0C237B607B6837
:10151000062B08D1C5213120FFF7EAFE0C21372028
:10152000FFF7E6FE07E0C3213120FFF7E1FE0A21C5
:101530003720FFF7DDFE1E20FFF7B0FE0346FB73EA
:1015400097F90F3003F00F035AB27B685BB21B01AF
:101550005BB213435BB2DBB219461E20FFF7C8FE35
:10156000FFF700FF00BF1037BD4680BDB0B58CB09F
:1015700000AF1D20FFF792FE03461B0987F82F30AE
:101580000E4B3C1D1D460FCD0FC40FCD0FC495E86B
:10159000030084E8030097F82F30092B07D897F849
:1015A0002F309B0030333B4453F82C3C01E04FF08C
:1015B000FF3318463037BD46B0BD00BF98860008DF
:1015C00080B584B000AF78600023FB607B6841F693
:1015D0007862934202DC0023FB603FE07B6842F6C6
:1015E000A002934202DC0123FB6037E07B6843F6F4
:1015F000F042934202DC0223FB602FE07B6845F25D
:101600004012934202DC0323FB6027E07B6847F62D
:101610001222934202DC0423FB601FE07B684AF243
:10162000E422934202DC0523FB6017E07B684FF263
:101630002442934202DC0623FB600FE07B68154ADC
:10164000934202DC0723FB6008E07B68124A934266
:1016500002DC0823FB6001E00923FB601D20FFF78B
:101660001DFE0346FB7297F90B3003F00F035AB2CD
:10167000FB685BB21B015BB213435BB2DBB2194682
:101680001D20FFF735FEFFF76DFE00BF1037BD468A
:1016900080BD00BF48E8010090D0030080B584B051
:1016A00000AF78607B68042B02DC05237B6004E0DC
:1016B0007B68082B01DD08237B607B68043BFB60B3
:1016C0001D20FFF7EBFD0346FB7297F90B3023F06B
:1016D0000E035AB2FB685BB25B005BB213435BB2B2
:1016E000DBB219461D20FFF703FE00BF1037BD46D1
:1016F00080BD80B582B000AF78607B68DBB21946F0
:101700003920FFF7F5FD00BF0837BD4680BD80B525
:1017100000AF1E20FFF7C2FD034643F00403DBB217
:1017200019461E20FFF7E4FD00BF80BD80B582B0E2
:1017300000AF7860002220211E4801F0D3FA0A2071
:1017400001F016F8012220211A4801F0CBFA0A20F4
:1017500001F00EF84220FFF7A1FD0346122B01D045
:10176000002322E0FFF7EEFD7868FFF779FE002105
:101770000E20FFF7BDFD00210F20FFF7B9FD0C2063
:10178000FFF78CFD034643F00303DBB219460C2040
:10179000FFF7AEFD04212620FFF7AAFD012111204D
:1017A000FFF70DFEFFF7D6FD012318460837BD46AB
:1017B00080BD00BF0004024080B500AF1320FFF7DA
:1017C0006DFD03461A46024B1B68D31A184680BDAE
:1017D000A002002080B500AFFFF7EEFF0346002B0C
:1017E00002D14FF0FF3308E0054B1B680133044A78
:1017F00013600020FFF752FD0346184680BD00BF6E
:10180000A002002080B584B000AF78600A4A7B68EF
:1018100013607B68002B0BD04020FFF73FFD034691
:1018200003F03F03FB73FB7B19464020FFF760FD8D
:1018300000BF1037BD4680BD9802002080B582B041
:1018400000AF78607B68002B14DD154B01221A6015
:101850001D20FFF723FD034643F00103DBB21946C9
:101860001D20FFF745FD7B68DBB219462220FFF7FC
:101870003FFD0DE00A4B00221A601D20FFF70EFD10
:10188000034623F00103DBB219461D20FFF730FDAC
:1018900085210120FFF72CFD00BF0837BD4680BD24
:1018A0009C02002080B582B000AF1220FFF7F6FC4A
:1018B0000346FB71FB7919461220FFF719FDFB79EE
:1018C00003F04003002B25D0FB7903F02003002B0D
:1018D00020D1124B00221A60114B1B68002B04D040
:1018E0002220FFF7DBFC034603E01320FFF7D6FCC2
:1018F00003463B601020FFF7D1FC034619460D203C
:10190000FFF7F6FC074B1B68002B03D0054B1B6849
:101910003868984700BF0837BD4680BDA002002048
:101920009C0200209802002080B483B000AF786051
:10193000054A7B681360054B01221A7000BF0C3703
:10194000BD465DF8047B7047A8020020A402002079
:1019500080B584B000AFF860B9607A603B60FB6826
:101960001BB21946184800F08CFABB681BB2194626
:10197000164800F086FA7B681BB21946144800F03E
:1019800080FA3B68002B02D0386800F0F1FE0E4868
:1019900000F0BDFA0D4800F0BAFA0D4800F0B7FAB1
:1019A000022000F0E5FE084800F0C3FA074800F006
:1019B000C0FA074800F0BDFA0A2000F0D9FE00BFC7
:1019C0001037BD4680BD00BFB0020020B802002025
:1019D000C002002080B5B6B002AF00F057FE00F0A4
:1019E000BDF9FFF78FFA00F001FC00F0B3FDFFF73F
:1019F0002BFBFFF757FB642000F0BAFE4FF47A7020
:101A000000F0E2FA01220021B84800F025FA032292
:101A10000221B74800F020FA05220421B54800F061
:101A20001BFA07220621B44800F016FA0C220B21FB
:101A3000B24800F011FA0E220D21B14800F00CFA64
:101A4000B04802F0FBFD03461A46AF49AF4800F02C
:101A500081FB422387F8C730002387F8C630002275
:101A60004FF40051AA4801F03DF907F1C7010A23DC
:101A70000122A44802F0F5FA034687F8CB30002390
:101A800087F8C73007F1C60207F1C7010A230093A0
:101A900001239C4802F029FC034687F8CA30012242
:101AA0004FF400519A4801F01DF997F8CB2097F8B0
:101AB000CA3097F8C61000919649944800F04AFB46
:101AC0004220FFF7EBFB034687F8C93000BF97F8C9
:101AD000C930122B10D04220FFF7E0FB034687F8F5
:101AE000C93097F8C9301A468B49884800F032FB54
:101AF000642000F03DFE00BF8848FFF717FE034654
:101B000083F00103DBB2002B05D085497F4800F04C
:101B100021FB00F09BF90720FFF7EAFC8148FFF763
:101B20004FFD0520FFF7BAFDFFF7F1FD1220FFF78B
:101B3000E0FD01211120FFF742FC7B48FFF762FE28
:101B40000020FFF77BFE7949704800F003FB784BDB
:101B50001B78DBB2002B00F0C580754B00221A7099
:101B60000023C7F8CC3011E0FFF734FE034687F8B6
:101B7000C83007F12002D7F8CC30134497F8C820BA
:101B80001A70D7F8CC300133C7F8CC30FFF714FE09
:101B90000346002B03D0D7F8CC30302BE4D907F123
:101BA0002002D7F8CC30134400221A7007F120032A
:101BB0001A466049554800F0CDFA0023BB60002367
:101BC0007B6007F1080107F10C0207F120003B1DC3
:101BD00000930B46584903F047FF0346032B7DD182
:101BE000B9687B6807F10C0200930B4653494748DC
:101BF00000F0B0FABB68642B01DD6423BB60BB68F6
:101C000013F1640F02DA6FF06303BB607B6841F28B
:101C10008832934202DD41F288337B607B68002B7F
:101C200001DA00237B6007F10C0345491846FEF7F3
:101C3000D7FA0346002B06D1B9687B680022002042
:101C4000FFF786FE4EE007F10C033E491846FEF70B
:101C5000C7FA0346002B06D1B8687B680022002132
:101C6000FFF776FE3EE007F10C0337491846FEF712
:101C7000B7FA0346002B06D1B868B968BA687B6822
:101C8000FFF766FE2EE007F10C0330491846FEF719
:101C9000A7FA0346002B09D1BB685842BB685942DA
:101CA000BB685A427B68FFF753FE1BE007F10C0349
:101CB00027491846FEF794FA0346002B06D1002365
:101CC000002200210020FFF743FE0BE007F10C0388
:101CD0001A4620490D4800F03DFA03E01E490B4822
:101CE00000F038FA0A2000F043FD30E7B802002087
:101CF000B4020020B0020020AC020020C00200208C
:101D0000BC020020C4020020188700082003002025
:101D1000000402402C8700085C870008400ECF19A1
:101D20007487000848E8010029190008A8870008FE
:101D3000A4020020CC870008D8870008E4870008A8
:101D400010880008188800082088000828880008E3
:101D5000348800083C8800085C88000880B594B08E
:101D600000AF07F1200330220021184603F02AFFBC
:101D700007F10C0300221A605A609A60DA601A6157
:101D80000023BB60284B1B6C274A43F0805313642D
:101D9000254B1B6C03F08053BB60BB6800237B604A
:101DA000224B1B6823F44043204A43F40043136052
:101DB0001E4B1B6803F440437B607B6802233B623D
:101DC0000123FB6210233B630223BB630023FB63FD
:101DD00008233B6454237B640223BB640423FB6419
:101DE00007F12003184601F05DFC0346002B01D0EB
:101DF00000F02CF80F23FB6002233B6100237B6182
:101E00004FF48053BB610023FB6107F10C030221F7
:101E1000184601F0BFFE0346002B01D000F016F873
:101E200000BF5037BD4680BD003802400070004002
:101E300080B582B000AF0346FB80FB88012B01D147
:101E4000FFF730FD00BF0837BD4680BD80B400AF4E
:101E500072B600BF00BFFDE780B582B000AF78600A
:101E60000B46FB701346BB707B68FA781A707B6870
:101E7000BA785A70786800F05CF800BF0837BD4641
:101E800080BD80B584B000AF78600B467B80B7F929
:101E90000230642B01DD64237B80B7F9023013F13B
:101EA000640F02DA4FF69C737B80B7F90230002B87
:101EB000B8BF5B429BB2FB73B7F90230002B0DDD5C
:101EC0007B681B78FA7B1146184600F0DBF87B68CC
:101ED0005B780021184600F0D5F814E0B7F902301D
:101EE000002B0DDA7B681B780021184600F0CAF839
:101EF0007B685B78FA7B1146184600F0C3F802E075
:101F0000786800F016F800BF1037BD4680BD80B578
:101F100082B000AF78607B681B78184600F0E2F86A
:101F20007B685B78184600F0DDF800BF0837BD46D7
:101F300080BD80B582B000AF78607B681B781846A2
:101F400000F0ECF87B685B78184600F0E7F800BF1B
:101F50000837BD4680BD000080B586B004AF03469B
:101F60000A46FB711346BB71FB799AB26423029354
:101F700001230193BB1D009301238021034801F03D
:101F800027F800BF0837BD4680BD00BFF001002024
:101F900080B586B004AF03463960FB711346BB7150
:101FA000FB799AB2BB799BB26421029101933B68A1
:101FB000009301238021034801F00AF800BF08378D
:101FC000BD4680BDF001002080B584B000AF03465F
:101FD000FB8010210020FFF7BFFF0F4BFB60FB8849
:101FE0001B03FA68B2FBF3F3013BBB60BB68DBB2D7
:101FF0001946FE20FFF7B0FF21210020FFF7ACFFBC
:1020000004210120FFF7A8FF012000F0B1FB00BF71
:102010001037BD4680BD00BF40787D0180B584B0DB
:1020200000AF0346FB710B46BB8013467B80FB79F8
:102030000F2B22D8FB799B00DBB20633FB73BB88E6
:10204000DBB23B72BB881B0A9BB2DBB203F00F030F
:10205000DBB27B727B88DBB2BB727B881B0A9BB2D4
:10206000DBB203F00F03DBB2FB7207F10801FB7B6D
:1020700004221846FFF78CFF00E000BF1037BD4672
:1020800080BD000080B584B000AF03460A46FB71F6
:102090001346BB71BB79632B04D9FB79184600F05A
:1020A00021F818E0BB79002B04D1FB79184600F029
:1020B00035F810E0BA7913461B039B1A084A82FBD5
:1020C00003125211DB17D31AFB81FA89FB79002125
:1020D0001846FFF7A3FF00BF1037BD4680BD00BF05
:1020E0001F85EB5180B584B000AF0346FB71FB79CF
:1020F0000F2B0FD8FB799B00DBB20633FB734FF439
:102100008053BB6007F10801FB7B04221846FFF7F0
:102110003FFF00E000BF1037BD4680BD80B584B0F2
:1021200000AF0346FB71FB790F2B0FD8FB799B00A7
:10213000DBB20633FB734FF08053BB6007F108013D
:10214000FB7B04221846FFF723FF00E000BF103797
:10215000BD4680BD0EB480B5C7B000AF07F58C7327
:10216000A3F58A73186007F58C73A3F58A731B684F
:10217000002B33D0D7F82431002B2FD007F59472E1
:1021800007F58C73A3F586731A6007F58C73A3F5B6
:10219000867307F110001B68D7F824214FF4807173
:1021A00003F002FDC7F81401D7F81431002B16DD37
:1021B000D7F81431FF2B28BFFF23C7F81031D7F809
:1021C00010319AB207F1100107F58C73A3F58A70EC
:1021D0004FF0FF33006802F06BFB00E000BF07F533
:1021E0008E77BD46BDE8804003B0704780B500AF34
:1021F000174B184A1A60164B4FF482725A60144BF0
:1022000000229A60124B0022DA60114B00221A6100
:102210000F4B00225A610E4B4FF400729A610C4B27
:102220003022DA610A4B00221A62094B00225A62FC
:10223000074B00229A62064B0A22DA62044801F038
:1022400087FE0346002B01D0FFF700FE00BF80BDD4
:10225000C40200200038004080B58AB000AF78602A
:1022600007F1140300221A605A609A60DA601A615A
:102270007B681B68194A93422CD100233B61184BA1
:102280001B6C174A43F480431364154B1B6C03F417
:1022900080433B613B690023FB60114B1B6B104A81
:1022A00043F0020313630E4B1B6B03F00203FB604E
:1022B000FB684FF444437B610223BB610023FB6155
:1022C00003233B6205237B6207F11403194605488B
:1022D00000F084FB00BF2837BD4680BD00380040B9
:1022E000003802400004024080B483B000AF0023F5
:1022F0007B60104B5B6C0F4A43F4804353640D4B7F
:102300005B6C03F480437B607B6800233B60094B7C
:102310001B6C084A43F080531364064B1B6C03F09C
:1023200080533B603B6800BF0C37BD465DF8047BC3
:10233000704700BF0038024080B400AF00BFFDE727
:1023400080B400AF00BFFDE780B400AF00BFFDE781
:1023500080B400AF00BFFDE780B400AF00BFFDE771
:1023600080B400AF00BFBD465DF8047B704780B409
:1023700000AF00BFBD465DF8047B704780B400AF7E
:1023800000BFBD465DF8047B704780B500AF00F02C
:10239000CFF900BF80BD80B500AF012000F0BCFCCC
:1023A00000BF80BD80B400AF01231846BD465DF874
:1023B000047B704780B582B000AF7860396003F06D
:1023C00053FC034616221A604FF0FF3318460837B5
:1023D000BD4680BD80B582B000AF78604FF0FF3160
:1023E0007868FFF7E7FF00BFFDE780B586B000AF74
:1023F000F860B9607A6000237B610AE0AFF3008087
:102400000146BB685A1CBA60CAB21A707B690133B4
:102410007B617A697B689A42F0DB7B6818461837E3
:10242000BD4680BD80B586B000AFF860B9607A6007
:1024300000237B6109E0BB685A1CBA601B78184610
:10244000AFF300807B6901337B617A697B689A42D4
:10245000F1DB7B6818461837BD4680BD80B483B079
:1024600000AF78604FF0FF3318460C37BD465DF87B
:10247000047B704780B483B000AF786039603B68FC
:102480004FF400525A60002318460C37BD465DF8E1
:10249000047B704780B483B000AF78600123184696
:1024A0000C37BD465DF8047B704780B485B000AF43
:1024B000F860B9607A60002318461437BD465DF8AD
:1024C000047B704780B586B000AF7860144A154B26
:1024D000D31A7B617B693B61134B1B68002B02D1D4
:1024E000114B124A1A60104B1A687B6813443A6900
:1024F0009A4207D203F0B8FB03460C221A604FF051
:10250000FF3309E0084B1B68FB60074B1A687B68C8
:102510001344054A1360FB6818461837BD4680BD52
:1025200000000120000800001C030020B804002067
:1025300080B400AF064BD3F88830054A43F47003EB
:10254000C2F8883000BFBD465DF8047B704700BF0D
:1025500000ED00E080B500AF114B124A1A60104B3D
:102560004FF416525A600E4B00229A600C4B002218
:10257000DA600B4B00221A61094B0C225A61084B9E
:1025800000229A61064B0022DA61054802F040F908
:102590000346002B01D0FFF759FC00BF80BD00BFF0
:1025A000200300200010014080B58AB000AF7860A1
:1025B00007F1140300221A605A609A60DA601A6107
:1025C0007B681B68194A93422CD100233B61184B4E
:1025D0005B6C174A43F010035364154B5B6C03F0BC
:1025E00010033B613B690023FB60114B1B6B104ADE
:1025F00043F0010313630E4B1B6B03F00103FB60FD
:10260000FB684FF4C0637B610223BB610023FB6165
:1026100003233B6207237B6207F114031946054835
:1026200000F0DCF900BF2837BD4680BD0010014036
:102630000038024000000240DFF834D0FFF778FF96
:102640000C480D490D4A002302E0D458C45004330D
:10265000C4188C42F9D30A4A0A4C002301E01360E3
:102660000432A242FBD303F005FBFFF7B3F9704736
:102670000000012000000020D40100205C8C000834
:10268000D4010020B8040020FEE7000080B500AFB0
:102690000E4B1B680D4A43F4007313600B4B1B6811
:1026A0000A4A43F480631360084B1B68074A43F4EB
:1026B00080731360032000F04FF90F2000F008F83A
:1026C000FFF712FE0023184680BD00BF003C024009
:1026D00080B582B000AF7860124B1A68124B1B783D
:1026E00019464FF47A73B3FBF1F3B2FBF3F31846D8
:1026F00000F067F90346002B01D001230EE07B6850
:102700000F2B0AD8002279684FF0FF3000F02FF924
:10271000064A7B681360002300E00123184608374F
:10272000BD4680BD000000200800002004000020FD
:1027300080B400AF064B1B781A46064B1B68134447
:10274000044A136000BFBD465DF8047B704700BFBC
:10275000080000206803002080B400AF034B1B6812
:102760001846BD465DF8047B704700BF6803002033
:1027700080B584B000AF7860FFF7EEFFB8607B688B
:10278000FB60FB68B3F1FF3F05D00A4B1B781A468C
:10279000FB681344FB6000BFFFF7DEFF0246BB6827
:1027A000D31AFA689A42F7D800BF00BF1037BD4667
:1027B00080BD00BF0800002080B485B000AF786005
:1027C0007B6803F00703FB600C4BDB68BB60BA68F7
:1027D0004FF6FF031340BB60FB681A02BB6813434C
:1027E00043F0BF6343F40033BB60044ABB68D3606B
:1027F00000BF1437BD465DF8047B704700ED00E074
:1028000080B400AF044BDB681B0A03F007031846D3
:10281000BD465DF8047B704700ED00E080B483B0F6
:1028200000AF0346FB7197F90730002B0BDBFB79F8
:1028300003F01F02074997F907305B09012000FAEE
:1028400002F241F8232000BF0C37BD465DF8047B3F
:10285000704700BF00E100E080B483B000AF0346E2
:102860003960FB7197F90730002B0ADB3B68DAB25D
:102870000C4997F907301201D2B20B4483F80023B8
:102880000AE03B68DAB20849FB7903F00F03043B26
:102890001201D2B20B441A7600BF0C37BD465DF868
:1028A000047B704700E100E000ED00E080B489B0F7
:1028B00000AFF860B9607A60FB6803F00703FB6162
:1028C000FB69C3F10703042B28BF0423BB61FB6929
:1028D0000433062B02D9FB69033B00E000237B6134
:1028E0004FF0FF32BB6902FA03F3DA43BB681A40C8
:1028F0007B699A404FF0FF317B6901FA03F3D943BA
:102900007B680B40134318462437BD465DF8047BB3
:102910007047000080B582B000AF78607B68013BF3
:10292000B3F1807F01D301230FE00A4A7B68013BAA
:1029300053600F214FF0FF30FFF78EFF054B002251
:102940009A60044B07221A60002318460837BD46D8
:1029500080BD00BF10E000E080B582B000AF7860BD
:102960007868FFF729FF00BF0837BD4680BD80B5F6
:1029700086B000AF0346B9607A60FB7300237B61C9
:10298000FFF73EFF78617A68B9687869FFF78EFFD4
:10299000024697F90F3011461846FFF75DFF00BF5A
:1029A0001837BD4680BD80B582B000AF0346FB71CD
:1029B00097F907301846FFF731FF00BF0837BD46CB
:1029C00080BD80B582B000AF78607868FFF7A2FF65
:1029D000034618460837BD4680BD000080B489B064
:1029E00000AF7860396000237B6100233B610023E6
:1029F000BB610023FB6159E10122FB6902FA03F389
:102A00007B613B681B687A6913403B613A697B696B
:102A10009A4240F048813B685B6803F00303012B56
:102A200005D03B685B6803F00303022B30D17B6861
:102A30009B68BB61FB695B00032202FA03F3DB4383
:102A4000BA691340BB613B68DA68FB695B0002FA54
:102A500003F3BA691343BB617B68BA699A607B6808
:102A60005B68BB610122FB6902FA03F3DB43BA69CD
:102A70001340BB613B685B681B0903F00102FB6903
:102A800002FA03F3BA691343BB617B68BA695A60FF
:102A90003B685B6803F00303032B17D07B68DB689C
:102AA000BB61FB695B00032202FA03F3DB43BA69F3
:102AB0001340BB613B689A68FB695B0002FA03F351
:102AC000BA691343BB617B68BA69DA603B685B68CB
:102AD00003F00303022B23D1FB69DA087B68083279
:102AE00053F82230BB61FB6903F007039B000F2200
:102AF00002FA03F3DB43BA691340BB613B681A690E
:102B0000FB6903F007039B0002FA03F3BA6913435E
:102B1000BB61FB69DA087B680832B96943F82210A7
:102B20007B681B68BB61FB695B00032202FA03F34D
:102B3000DB43BA691340BB613B685B6803F0030287
:102B4000FB695B0002FA03F3BA691343BB617B685C
:102B5000BA691A603B685B6803F44033002B00F0ED
:102B6000A2800023FB60574B5B6C564A43F48043C2
:102B70005364544B5B6C03F48043FB60FB68524A24
:102B8000FB699B08023352F82330BB61FB6903F0F9
:102B900003039B000F2202FA03F3DB43BA691340DD
:102BA000BB617B68494A934219D07B68484A93428B
:102BB00013D07B68474A93420DD07B68464A9342C4
:102BC00007D07B68454A934201D1042308E00723DC
:102BD00006E0032304E0022302E0012300E00023D7
:102BE000FA6902F0030292009340BA691343BB6191
:102BF0003549FB699B080233BA6941F82320384BF9
:102C00009B68BB613B69DB43BA691340BB613B68AE
:102C10005B6803F48013002B03D0BA693B6913434C
:102C2000BB612F4ABB6993602D4BDB68BB613B697D
:102C3000DB43BA691340BB613B685B6803F4001374
:102C4000002B03D0BA693B691343BB61244ABB69BB
:102C5000D360234B5B68BB613B69DB43BA691340BC
:102C6000BB613B685B6803F40033002B03D0BA6997
:102C70003B691343BB611A4ABB695360184B1B681D
:102C8000BB613B69DB43BA691340BB613B685B686E
:102C900003F48033002B03D0BA693B691343BB6153
:102CA0000F4ABB691360FB690133FB61FB690F2BA2
:102CB0007FF6A2AE00BF00BF2437BD465DF8047B9F
:102CC000704700BF00380240003801400000024059
:102CD0000004024000080240000C024000100240C4
:102CE000003C014080B483B000AF78600B467B802D
:102CF00013467B707B78002B03D07A887B689A61BF
:102D000003E07B881A047B689A6100BF0C37BD46DC
:102D10005DF8047B7047000080B582B000AF0346C9
:102D2000FB80084B5A69FB881340002B06D0054AEC
:102D3000FB885361FB881846FFF77AF800BF083715
:102D4000BD4680BD003C014080B584B000AF7860D6
:102D50007B68002B01D101232BE17B6893F83D3088
:102D6000DBB2002B06D17B68002283F83C20786818
:102D7000FEF7C6F97B68242283F83D207B681B6838
:102D80001A687B681B6822F001021A607B681B6866
:102D90001A687B681B6842F400421A607B681B68F3
:102DA0001A687B681B6822F400421A6001F0A8F8D8
:102DB000F8607B685B68814A934207D8FB68804A69
:102DC000934294BF01230023DBB206E0FB687D4AF7
:102DD000934294BF01230023DBB2002B01D00123D7
:102DE000E7E0FB68784AA2FB03239B0CBB607B688F
:102DF0001B685B6823F03F017B681B68BA680A4365
:102E00005A607B681B681B6A23F03F017B685B6824
:102E10006A4A934202D8BB68013309E0BB684FF4A9
:102E2000967202FB03F3694AA2FB03239B09013359
:102E30007A6812680B4313627B681B68DB6923F4B2
:102E40004F4222F0FF027B685B685C498B4219D8D5
:102E5000FB68591E7B685B685B00B1FBF3F3591C90
:102E600040F6FC730B40002B0AD0FB68591E7B68B0
:102E70005B685B00B1FBF3F30133C3F30B0351E079
:102E800004234FE07B689B68002B11D1FB68581E20
:102E90007B6859680B465B000B44B0FBF3F30133CE
:102EA000C3F30B03002B0CBF01230023DBB212E0A2
:102EB000FB68581E7B6859680B469B000B449900C1
:102EC0000B44B0FBF3F30133C3F30B03002B0CBF34
:102ED00001230023DBB2002B01D0012322E07B6819
:102EE0009B68002B0ED1FB68581E7B6859680B4607
:102EF0005B000B44B0FBF3F30133C3F30B0343F468
:102F000000430FE0FB68581E7B6859680B469B0026
:102F10000B4499000B44B0FBF3F30133C3F30B03F1
:102F200043F44043796809681343CB617B681B68AD
:102F30001B6823F0C0017B68DA697B681B6A1A434F
:102F40007B681B680A431A607B681B689B6823F4D4
:102F5000034323F0FF037A6811697A68D26811434A
:102F60007A6812680B4393607B681B68DB6823F008
:102F7000FF017B685A697B689B691A437B681B6801
:102F80000A43DA607B681B681A687B681B6842F03A
:102F900001021A607B6800221A647B68202283F891
:102FA0003D207B6800221A637B68002283F83E2064
:102FB000002318461037BD4680BD00BFA086010023
:102FC0007F841E00FF083D0083DE1B43D34D62104B
:102FD00080B588B002AFF860084611461A4603462D
:102FE0007B810B463B811346FB80FFF7B5FB786185
:102FF000FB6893F83D30DBB2202B40F0D9807B6931
:103000000093192301226D49F86800F071F9034615
:10301000002B01D00223CCE0FB6893F83C30012B5D
:1030200001D10223C5E0FB68012283F83C20FB6844
:103030001B681B6803F00103012B07D0FB681B68AA
:103040001A68FB681B6842F001021A60FB681B6883
:103050001A68FB681B6822F400621A60FB68212270
:1030600083F83D20FB68402283F83E20FB68002265
:103070001A64FB683A6A5A62FB68BA8C5A85FB6824
:103080005B8D9AB2FB681A85FB684D4ADA62F88854
:103090003A8979897B690193BB6A00930346F86892
:1030A00000F090F80346002B52D0012381E07A69AA
:1030B000B96AF86800F036FA0346002B0DD0FB68B9
:1030C0001B6C042B07D1FB681B681A68FB681B6824
:1030D00042F400721A6001236BE0FB685B6A1A78A5
:1030E000FB681B681A61FB685B6A5A1CFB685A62C2
:1030F000FB681B8D013B9AB2FB681A85FB685B8DF0
:103100009BB2013B9AB2FB685A85FB681B685B69FE
:1031100003F00403042B1BD1FB681B8D002B17D07D
:10312000FB685B6A1A78FB681B681A61FB685B6A5C
:103130005A1CFB685A62FB681B8D013B9AB2FB6804
:103140001A85FB685B8D9BB2013B9AB2FB685A857E
:10315000FB681B8D002BAAD17A69B96AF86800F068
:1031600029FA0346002B0DD0FB681B6C042B07D1FA
:10317000FB681B681A68FB681B6842F400721A60DF
:10318000012316E0FB681B681A68FB681B6842F4A1
:1031900000721A60FB68202283F83D20FB68002241
:1031A00083F83E20FB68002283F83C20002300E0E7
:1031B000022318461837BD4680BD00BF020010002C
:1031C0000000FFFF80B588B002AFF86008461146E6
:1031D0001A4603467B810B463B811346FB80FB6806
:1031E0001B681A68FB681B6842F480721A607B6A6D
:1031F00000933B6A00224FF00111F86800F078F864
:103200000346002B0DD0FB681B681B6803F480731A
:10321000B3F5807F03D1FB684FF400721A64032377
:103220005FE07B89DBB21A46FB681B6802F0FE0296
:103230001A617B6A3A6A2D49F86800F0D3F80346B0
:10324000002B01D001234CE000237B61FB681B684D
:103250005B697B61FB681B689B697B617B697A6A40
:10326000396AF86800F05EF90346002B0DD0FB6860
:103270001B6C042B07D1FB681B681A68FB681B6872
:1032800042F400721A6001232BE0FB88012B05D168
:103290003B89DAB2FB681B681A6121E03B891B0A93
:1032A0009BB2DAB2FB681B681A617A6A396AF868FD
:1032B00000F038F90346002B0DD0FB681B6C042B83
:1032C00007D1FB681B681A68FB681B6842F4007230
:1032D0001A60012305E03B89DAB2FB681B681A61BA
:1032E000002318461837BD4680BD00BF020001000C
:1032F00080B584B000AFF860B9603B601346FB71E5
:1033000048E03B68B3F1FF3F44D0FFF725FA02469F
:10331000BB69D31A3A689A4202D33B68002B39D171
:10332000BB681B0CDBB2012B0DD1FB681B685B6912
:10333000DA43BB6813409BB2002B0CBF0123002370
:10334000DBB21A460CE0FB681B689B69DA43BB687A
:1033500013409BB2002B0CBF01230023DBB21A46A3
:10336000FB799A4216D1FB6800221A63FB6820227F
:1033700083F83D20FB68002283F83E20FB681B6C2D
:1033800043F02002FB681A64FB68002283F83C20AB
:10339000012323E0BB681B0CDBB2012B0DD1FB68C2
:1033A0001B685B69DA43BB6813409BB2002B0CBF00
:1033B00001230023DBB21A460CE0FB681B689B6903
:1033C000DA43BB6813409BB2002B0CBF01230023E0
:1033D000DBB21A46FB799A4293D000231846103785
:1033E000BD4680BD80B584B000AFF860B9607A603A
:1033F0003B6071E0FB681B685B6903F48063B3F5B5
:10340000806F23D1FB681B681A68FB681B6842F455
:1034100000721A60FB681B686FF480625A61FB6877
:1034200000221A63FB68202283F83D20FB680022FB
:1034300083F83E20FB681B6C43F00402FB681A64AF
:10344000FB68002283F83C20012367E07B68B3F12E
:10345000FF3F41D0FFF780F902463B68D31A7A68F4
:103460009A4202D37B68002B36D1BB681B0CDBB2BF
:10347000012B0CD1FB681B685B69DA43BB68134006
:103480009BB2002B14BF01230023DBB20BE0FB68CF
:103490001B689B69DA43BB6813409BB2002B14BFC7
:1034A00001230023DBB2002B16D0FB6800221A6335
:1034B000FB68202283F83D20FB68002283F83E2031
:1034C000FB681B6C43F02002FB681A64FB68002257
:1034D00083F83C20012321E0BB681B0CDBB2012BED
:1034E0000CD1FB681B685B69DA43BB6813409BB275
:1034F000002B14BF01230023DBB20BE0FB681B6829
:103500009B69DA43BB6813409BB2002B14BF0123B5
:103510000023DBB2002B7FF46DAF00231846103779
:10352000BD4680BD80B584B000AFF860B9607A60F8
:1035300034E0F86800F086F80346002B01D0012340
:1035400034E0BB68B3F1FF3F28D0FFF705F902462E
:103550007B68D31ABA689A4202D3BB68002B1DD18C
:10356000FB681B685B6903F08003802B16D0FB6847
:1035700000221A63FB68202283F83D20FB680022AA
:1035800083F83E20FB681B6C43F02002FB681A6442
:10359000FB68002283F83C20012307E0FB681B68DE
:1035A0005B6903F08003802BC3D1002318461037DA
:1035B000BD4680BD80B584B000AFF860B9607A6068
:1035C00034E0F86800F03EF80346002B01D00123F8
:1035D00034E0BB68B3F1FF3F28D0FFF7BDF80246E7
:1035E0007B68D31ABA689A4202D3BB68002B1DD1FC
:1035F000FB681B685B6903F00403042B16D0FB68AF
:1036000000221A63FB68202283F83D20FB68002219
:1036100083F83E20FB681B6C43F02002FB681A64B1
:10362000FB68002283F83C20012307E0FB681B684D
:103630005B6903F00403042BC3D100231846103741
:10364000BD4680BD80B483B000AF78607B681B68E6
:103650005B6903F48063B3F5806F1BD17B681B68E3
:103660006FF480625A617B6800221A637B682022B3
:1036700083F83D207B68002283F83E207B681B6C2A
:1036800043F004027B681A647B68002283F83C20C4
:10369000012300E0002318460C37BD465DF8047B8B
:1036A0007047000080B586B000AF78607B68002B63
:1036B00001D1012367E27B681B6803F00103002B43
:1036C00075D0884B9B6803F00C03042B0CD0854B02
:1036D0009B6803F00C03082B12D1824B5B6803F448
:1036E0008003B3F5800F0BD17E4B1B6803F40033CE
:1036F000002B5BD07B685B68002B57D1012342E233
:103700007B685B68B3F5803F06D1764B1B68754AD2
:1037100043F4803313601DE07B685B68B3F5A02F32
:103720000CD1704B1B686F4A43F4802313606D4BC0
:103730001B686C4A43F4803313600BE0694B1B68D1
:10374000684A23F480331360664B1B68654A23F490
:10375000802313607B685B68002B13D0FEF7FCFFAF
:10376000386108E0FEF7F8FF02463B69D31A642B84
:1037700001D9032307E25B4B1B6803F40033002BE2
:10378000F0D014E0FEF7E8FF386108E0FEF7E4FF50
:1037900002463B69D31A642B01D90323F3E1514B51
:1037A0001B6803F40033002BF0D100E000BF7B68FE
:1037B0001B6803F00203002B63D04A4B9B6803F0A5
:1037C0000C03002B0BD0474B9B6803F00C03082B1A
:1037D0001CD1444B5B6803F48003002B16D1414B92
:1037E0001B6803F00203002B05D07B68DB68012B0C
:1037F00001D00123C7E13B4B1B6823F0F8027B6833
:103800001B69DB00374913430B603AE07B68DB68D8
:10381000002B20D0344B01221A60FEF79DFF386147
:1038200008E0FEF799FF02463B69D31A022B01D943
:103830000323A8E12B4B1B6803F00203002BF0D0FD
:10384000284B1B6823F0F8027B681B69DB002549C5
:1038500013430B6015E0244B00221A60FEF77CFF37
:10386000386108E0FEF778FF02463B69D31A022B65
:1038700001D9032387E11B4B1B6803F00203002BD4
:10388000F0D17B681B6803F00803002B36D07B68FF
:103890005B69002B16D0154B01221A60FEF75CFF06
:1038A000386108E0FEF758FF02463B69D31A022B45
:1038B00001D9032367E10B4B5B6F03F00203002B7D
:1038C000F0D01BE0094B00221A60FEF745FF38617B
:1038D0000EE0FEF741FF02463B69D31A022B07D9DF
:1038E000032350E10038024000004742800E474267
:1038F000884B5B6F03F00203002BEAD17B681B68E7
:1039000003F00403002B00F097800023FB75814B2C
:103910001B6C03F08053002B0FD10023BB607D4B49
:103920001B6C7C4A43F0805313647A4B1B6C03F08E
:103930008053BB60BB680123FB75774B1B6803F4A6
:103940008073002B18D1744B1B68734A43F4807347
:103950001360FEF701FF386108E0FEF7FDFE024646
:103960003B69D31A022B01D903230CE16A4B1B6874
:1039700003F48073002BF0D07B689B68012B06D189
:10398000644B1B6F634A43F0010313671CE07B68C1
:103990009B68052B0CD15F4B1B6F5E4A43F0040301
:1039A00013675C4B1B6F5B4A43F0010313670BE02B
:1039B000584B1B6F574A23F001031367554B1B6F7E
:1039C000544A23F0040313677B689B68002B15D0CF
:1039D000FEF7C2FE38610AE0FEF7BEFE02463B6912
:1039E000D31A41F28832934201D90323CBE0494BE9
:1039F0001B6F03F00203002BEED014E0FEF7ACFEC9
:103A000038610AE0FEF7A8FE02463B69D31A41F28C
:103A10008832934201D90323B5E03E4B1B6F03F07C
:103A20000203002BEED1FB7D012B05D1394B1B6C22
:103A3000384A23F0805313647B689B69002B00F0A5
:103A4000A180344B9B6803F00C03082B5CD07B688F
:103A50009B69022B41D1314B00221A60FEF77CFE9C
:103A6000386108E0FEF778FE02463B69D31A022B64
:103A700001D9032387E0274B1B6803F00073002B59
:103A8000F0D17B68DA697B681B6A1A437B685B6AE2
:103A90009B011A437B689B6A5B08013B1B041A432A
:103AA0007B68DB6A1B061B4913434B601B4B0122DF
:103AB0001A60FEF751FE386108E0FEF74DFE02463F
:103AC0003B69D31A022B01D903235CE0114B1B681D
:103AD00003F00073002BF0D054E0104B00221A606A
:103AE000FEF73AFE386108E0FEF736FE02463B6913
:103AF000D31A022B01D9032345E0064B1B6803F0C0
:103B00000073002BF0D13DE07B689B69012B07D14E
:103B1000012338E000380240007000406000474256
:103B20001B4B5B68FB607B689B69012B28D0FB68A3
:103B300003F480027B68DB699A4221D1FB6803F0C1
:103B40003F027B681B6A9A421AD1FA6847F6C07333
:103B500013407A68526A9201934211D1FB6803F4D0
:103B600040327B689B6A5B08013B1B049A4207D189
:103B7000FB6803F070627B68DB6A1B069A4201D027
:103B8000012300E0002318461837BD4680BD00BF62
:103B90000038024080B584B000AF786039607B683F
:103BA000002B01D10123CCE0684B1B6803F0070315
:103BB0003A689A420CD9654B3A68D2B21A70634B94
:103BC0001B6803F007033A689A4201D00123B8E06A
:103BD0007B681B6803F00203002B20D07B681B6806
:103BE00003F00403002B05D0594B9B68584A43F45B
:103BF000E05393607B681B6803F00803002B05D03B
:103C0000534B9B68524A43F460439360504B9B680C
:103C100023F0F0027B689B684D4913438B607B68FF
:103C20001B6803F00103002B44D07B685B68012B09
:103C300007D1474B1B6803F40033002B19D1012334
:103C40007FE07B685B68022B03D07B685B68032B9B
:103C500007D13F4B1B6803F00073002B09D10123F0
:103C60006FE03B4B1B6803F00203002B01D10123E3
:103C700067E0374B9B6823F003027B685B6834493D
:103C800013438B60FEF768FDF8600AE0FEF764FD01
:103C90000246FB68D31A41F28832934201D90323CA
:103CA0004FE02B4B9B6803F00C027B685B689B002A
:103CB0009A42EBD1254B1B6803F007033A689A42FE
:103CC0000CD2224B3A68D2B21A70204B1B6803F018
:103CD00007033A689A4201D0012332E07B681B68EF
:103CE00003F00403002B08D0194B9B6823F4E05227
:103CF0007B68DB68164913438B607B681B6803F0A5
:103D00000803002B09D0124B9B6823F460427B68A8
:103D10001B69DB000E4913438B6000F021F802465B
:103D20000B4B9B681B0903F00F030A49CB5C22FA7B
:103D300003F3094A1360094B1B681846FEF7C8FCD9
:103D4000002318461037BD4680BD00BF003C02402E
:103D500000380240A4880008000000200400002071
:103D60002DE9B04F90B000AF00237B630023FB63CD
:103D700000233B630023BB63584B9B6803F00C0399
:103D8000082B0DD0082B00F2A080002B02D0042BB2
:103D900003D09AE0524BBB639AE0524BBB6397E06F
:103DA0004E4B5B6803F03F037B634C4B5B6803F453
:103DB0008003002B27D0494B5B689B0900223B62A4
:103DC0007A623B6AC3F308000021464B03FB01F211
:103DD000002300FB03F31344424AA0FB0221F962D3
:103DE000BA62FA6A1344FB627B6B0022BB61FA6120
:103DF000D7E90623D7E90A01FCF7EEFE02460B4697
:103E00001346FB6353E0354B5B689B0900223B6123
:103E10007A613B69C3F3080A4FF0000B52465B46D8
:103E20004FF000004FF00001590141EAD26150010A
:103E300002460B46B2EB0A0863EB0B094FF0000297
:103E40004FF000034FEA891343EA98634FEA881260
:103E5000B2EB080463EB09054FF000024FF00003DA
:103E6000EB0043EA5473E20014461D4614EB0A03C8
:103E70003B6045EB0B037B604FF000024FF000030B
:103E8000D7E9004529468B02214643EA9153214652
:103E90008A02104619467B6B0022BB60FA60D7E9A4
:103EA0000223FCF799FE02460B461346FB630B4BBD
:103EB0005B681B0C03F0030301335B003B63FA6B8D
:103EC0003B6BB2FBF3F3BB6302E0054BBB6300BF8C
:103ED000BB6B18464037BD46BDE8B08F0038024086
:103EE0000024F40040787D0180B400AF034B1B68D0
:103EF0001846BD465DF8047B704700BF00000020F7
:103F000080B500AFFFF7F0FF0246054B9B689B0AA8
:103F100003F007030349CB5C22FA03F3184680BD84
:103F200000380240B488000880B500AFFFF7DCFF1E
:103F30000246054B9B685B0B03F007030349CB5C10
:103F400022FA03F3184680BD00380240B488000806
:103F500080B582B000AF78607B68002B01D101236F
:103F60007BE07B685B6A002B08D17B685B68B3F5FC
:103F7000827F09D07B680022DA6105E07B6800223D
:103F80001A617B6800225A617B6800229A627B6812
:103F900093F85130DBB2002B06D17B68002283F806
:103FA00050207868FEF758F97B68022283F8512088
:103FB0007B681B681A687B681B6822F040021A60E5
:103FC0007B685B6803F482727B689B6803F404433C
:103FD0001A437B68DB6803F400631A437B681B6940
:103FE00003F002031A437B685B6903F001031A4381
:103FF0007B689B6903F400731A437B68DB6903F0F9
:1040000038031A437B681B6A03F0800342EA03010A
:104010007B689B6A03F400527B681B680A431A6042
:104020007B689B691B0C03F004017B685B6A03F0EF
:1040300010027B681B680A435A607B681B68DA6958
:104040007B681B6822F40062DA617B6800225A6593
:104050007B68012283F85120002318460837BD46AB
:1040600080BD80B588B000AFF860B9603B60134692
:10407000FB80FEF771FBF861FB887B83FB6893F89C
:104080005130DBB2012B01D002232AE1BB68002BA7
:1040900002D0FB88002B01D1012322E1FB6893F8B9
:1040A0005030012B01D102231BE1FB68012283F870
:1040B0005020FB68032283F85120FB6800225A65D8
:1040C000FB68BA681A63FB68FA889A86FB68FA8804
:1040D000DA86FB6800229A63FB6800229A87FB68F5
:1040E0000022DA87FB6800225A64FB6800221A6407
:1040F000FB689B68B3F5004F0FD1FB681B681A681B
:10410000FB681B6822F040021A60FB681B681A6893
:10411000FB681B6842F480421A60FB681B681B68DE
:1041200003F04003402B07D0FB681B681A68FB684C
:104130001B6842F040021A60FB68DB68B3F5006F51
:1041400052D1FB685B68002B02D07B8B012B45D1E1
:10415000FB681B6B1A88FB681B68DA60FB681B6BCB
:104160009A1CFB681A63FB68DB8E9BB2013B9AB218
:10417000FB68DA8632E0FB681B689B6803F0020389
:10418000022B12D1FB681B6B1A88FB681B68DA6074
:10419000FB681B6B9A1CFB681A63FB68DB8E9BB287
:1041A000013B9AB2FB68DA8618E0FEF7D5FA0246C0
:1041B000FB69D31A3A689A4203D83B68B3F1FF3FD0
:1041C00002D13B68002B09D1FB68012283F8512002
:1041D000FB68002283F85020032382E0FB68DB8E1B
:1041E0009BB2002BC7D153E0FB685B68002B02D069
:1041F0007B8B012B47D1FB681A6BFB681B680C3368
:1042000012781A70FB681B6B5A1CFB681A63FB68F8
:10421000DB8E9BB2013B9AB2FB68DA8633E0FB6827
:104220001B689B6803F00203022B13D1FB681A6B17
:10423000FB681B680C3312781A70FB681B6B5A1CE6
:10424000FB681A63FB68DB8E9BB2013B9AB2FB688A
:10425000DA8618E0FEF780FA0246FB69D31A3A685C
:104260009A4203D83B68B3F1FF3F02D13B68002B71
:1042700009D1FB68012283F85120FB68002283F8F2
:10428000502003232DE0FB68DB8E9BB2002BC6D1B0
:10429000FA693968F86800F067FA0346002B02D023
:1042A000FB6820225A65FB689B68002B0AD100231B
:1042B0007B61FB681B68DB687B61FB681B689B6834
:1042C0007B617B69FB68012283F85120FB68002237
:1042D00083F85020FB685B6D002B01D0012300E0C8
:1042E000002318462037BD4680BD80B58AB000AF98
:1042F000F860B9607A607B8001237B62FEF72CFA5C
:104300003862FB6893F85130FB77FB685B68BB61F0
:104310007B88FB82FB7F012B0CD0BB69B3F5827FCE
:1043200006D1FB689B68002B02D1FB7F042B01D0D8
:1043300002237FE1BB68002B05D07B68002B02D0F5
:104340007B88002B01D1012374E1FB6893F8503086
:10435000012B01D102236DE1FB68012283F850207B
:10436000FB6893F85130DBB2042B03D0FB680522C5
:1043700083F85120FB6800225A65FB687A689A63CB
:10438000FB687A88DA87FB687A889A87FB68BA685C
:104390001A63FB687A88DA86FB687A889A86FB68F3
:1043A00000221A64FB6800225A64FB681B681B68C1
:1043B00003F04003402B07D0FB681B681A68FB68BA
:1043C0001B6842F040021A60FB68DB68B3F5006FBF
:1043D0007ED1FB685B68002B02D0FB8A012B6CD17D
:1043E000FB681B6B1A88FB681B68DA60FB681B6B39
:1043F0009A1CFB681A63FB68DB8E9BB2013B9AB286
:10440000FB68DA8659E0FB681B689B6803F00203CF
:10441000022B1BD1FB68DB8E9BB2002B16D07B6A74
:10442000012B13D1FB681B6B1A88FB681B68DA60D1
:10443000FB681B6B9A1CFB681A63FB68DB8E9BB2E4
:10444000013B9AB2FB68DA8600237B62FB681B683B
:104450009B6803F00103012B19D1FB68DB8F9BB232
:10446000002B14D0FB681B68DA68FB689B6B92B268
:104470001A80FB689B6B9A1CFB689A63FB68DB8F56
:104480009BB2013B9AB2FB68DA8701237B62FEF79D
:1044900063F902463B6AD31A3A6B9A420DD83B6BDA
:1044A000B3F1FF3F09D0FB68012283F85120FB687C
:1044B000002283F850200323BCE0FB68DB8E9BB214
:1044C000002BA0D1FB68DB8F9BB2002B9BD182E03D
:1044D000FB685B68002B02D0FB8A012B71D1FB6863
:1044E0001A6BFB681B680C3312781A70FB681B6B25
:1044F0005A1CFB681A63FB68DB8E9BB2013B9AB2C5
:10450000FB68DA865DE0FB681B689B6803F00203CA
:10451000022B1CD1FB68DB8E9BB2002B17D07B6A71
:10452000012B14D1FB681A6BFB681B680C331278E3
:104530001A70FB681B6B5A1CFB681A63FB68DB8EE6
:104540009BB2013B9AB2FB68DA8600237B62FB6870
:104550001B689B6803F00103012B19D1FB68DB8FFB
:104560009BB2002B14D0FB681B68DA68FB689B6B5E
:10457000D2B21A70FB689B6B5A1CFB689A63FB688B
:10458000DB8F9BB2013B9AB2FB68DA8701237B6227
:10459000FEF7E2F802463B6AD31A3A6B9A4203D816
:1045A0003B6BB3F1FF3F02D13B6B002B09D1FB68A2
:1045B000012283F85120FB68002283F85020032356
:1045C00038E0FB68DB8E9BB2002B9CD1FB68DB8F55
:1045D0009BB2002B97D13A6A396BF86800F0C4F8A7
:1045E0000346002B08D0FB6820225A65FB68002296
:1045F00083F8502001231DE0FB689B68002B0AD143
:1046000000233B61FB681B68DB683B61FB681B6840
:104610009B683B613B69FB68012283F85120FB6882
:10462000002283F85020FB685B6D002B01D0012332
:1046300000E0002318462837BD4680BD80B483B013
:1046400000AF78607B6893F85130DBB218460C37C6
:10465000BD465DF8047B704780B588B000AFF86058
:10466000B9603B601346FB71FEF776F80246BB6A01
:104670009B1A3A681344FB61FEF76EF8B861394B38
:104680001B685B011B0DFA6902FB03F37B6155E0BC
:104690003B68B3F1FF3F51D0FEF75EF80246BB69BD
:1046A000D31AFA699A4202D9FB69002B3DD1FB6803
:1046B0001B685A68FB681B6822F0E0025A60FB68BE
:1046C0005B68B3F5827F11D1FB689B68B3F5004F3F
:1046D00004D0FB689B68B3F5806F07D1FB681B684B
:1046E0001A68FB681B6822F040021A60FB689B6A2C
:1046F000B3F5005F0FD1FB681B681A68FB681B6885
:1047000022F400521A60FB681B681A68FB681B6879
:1047100042F400521A60FB68012283F85120FB68C2
:10472000002283F85020032318E07B69002B02D17C
:104730000023FB6102E07B69013B7B61FB681B6836
:104740009A68BB681340BA689A420CBF01230023E1
:10475000DBB21A46FB799A429AD1002318462037D9
:10476000BD4680BD0000002080B588B002AFF86073
:10477000B9607A607B680093BB6801220221F86807
:10478000FFF76AFF0346002B07D0FB685B6D43F021
:104790002002FB685A65032332E01B4B1B681B4A4F
:1047A000A2FB03235B0D4FF47A7202FB03F37B61E0
:1047B000FB685B68B3F5827F12D17B680093BB68AE
:1047C00000228021F868FFF747FF0346002B16D030
:1047D000FB685B6D43F02002FB685A6503230FE022
:1047E0007B69002B0AD07B69013B7B61FB681B68FE
:1047F0009B6803F08003802BF2D000E000BF002311
:1048000018461837BD4680BD00000020819F5E1607
:1048100080B582B000AF78607B68002B01D10123A6
:1048200042E07B6893F84130DBB2002B06D17B6815
:10483000002283F840207868FDF7B6FE7B682422CA
:1048400083F841207B681B68DA687B681B6822F468
:104850000052DA60786800F073F97B681B681A69A7
:104860007B681B6822F490421A617B681B685A6956
:104870007B681B6822F02A025A617B681B68DA6831
:104880007B681B6842F40052DA607B6800225A643D
:104890007B68202283F841207B68202283F8422015
:1048A0007B6800225A63002318460837BD4680BD46
:1048B00080B58AB002AFF860B9603B601346FB80F8
:1048C00000237B61FB6893F84130DBB2202B75D16C
:1048D000BB68002B02D0FB88002B01D101236EE0C6
:1048E000FB6800225A64FB68212283F84120FDF70F
:1048F00033FF7861FB68FA889A84FB68FA88DA8467
:10490000FB689B68B3F5805F08D1FB681B69002BCF
:1049100004D10023FB61BB68BB6103E0BB68FB61A2
:104920000023BB612EE03B6800937B69002280215D
:10493000F86800F048F80346002B05D0FB682022F9
:1049400083F8412003233AE0FB69002B0BD1BB69BC
:104950001B881A46FB681B68C2F308025A60BB69D1
:104960000233BB6107E0FB691A78FB681B685A6079
:10497000FB690133FB61FB68DB8C9BB2013B9AB2A4
:10498000FB68DA84FB68DB8C9BB2002BCBD13B68E5
:1049900000937B6900224021F86800F014F8034678
:1049A000002B05D0FB68202283F84120032306E07A
:1049B000FB68202283F84120002300E002231846F0
:1049C0002037BD4680BD80B586B000AFF860B960C5
:1049D0003B601346FB713BE03B6AB3F1FF3F37D0CE
:1049E000FDF7BAFE02463B68D31A3A6A9A4202D3EE
:1049F0003B6A002B01D103233AE0FB681B68DB68AC
:104A000003F00403002B23D0BB68802B20D0BB68AD
:104A1000402B1DD0FB681B681B6803F00803082BA4
:104A200016D100237B61FB681B681B687B61FB68F8
:104A30001B685B687B617B69F86800F01DF8FB68A8
:104A400008225A64FB68002283F8402001230FE00B
:104A5000FB681B681A68BB681340BA689A420CBFAF
:104A600001230023DBB21A46FB799A42B4D000231B
:104A700018461837BD4680BD80B495B000AF786049
:104A80007B681B680C337B637B6B53E8003F3B63A5
:104A90003B6B23F49073FB647B681B680C33FA6CEC
:104AA0003A64FB63F96B3A6C41E80023BB63BB6B70
:104AB000002BE5D17B681B6814333B623B6A53E8EB
:104AC000003FFB61FB6923F00103BB647B681B684B
:104AD0001433BA6CFA62BB62B96AFA6A41E800231D
:104AE0007B627B6A002BE5D17B681B6B012B19D1A4
:104AF0007B681B680C33FB60FB6853E8003FBB60BE
:104B0000BB6823F010037B647B681B680C337A6CF2
:104B1000BA617B617969BA6941E800233B613B690D
:104B2000002BE5D17B68202283F842207B6800229D
:104B30001A6300BF5437BD465DF8047B7047000020
:104B40002DE9B04FC0B000AFC7F8F400D7F8F4308B
:104B50001B681B6923F44050D7F8F430D968D7F8A4
:104B6000F4301A6840EA01031361D7F8F4309A6808
:104B7000D7F8F4301B691A43D7F8F4305B691A434D
:104B8000D7F8F430DB691343C7F8F830D7F8F430BE
:104B90001B68DB6823F4164121F00C01D7F8F430D0
:104BA0001A68D7F8F8300B43D360D7F8F4301B6895
:104BB0005B6923F44070D7F8F4309969D7F8F43082
:104BC0001A6840EA01035361D7F8F4301A688F4B32
:104BD0009A4205D0D7F8F4301A688D4B9A4204D126
:104BE000FFF7A2F9C7F8FC0003E0FFF789F9C7F85F
:104BF000FC00D7F8F430DB69B3F5004F40F00C81CE
:104C0000D7F8FC300022C7F8E830C7F8EC20D7E925
:104C10003A4522462B469118B9655B41FB65D7E9B9
:104C20001623214612EB0108294643EB01094FF0F8
:104C300000024FF000034FEAC90343EA58734FEAFA
:104C4000C80290469946234618EB0303C7F8E030A4
:104C50002B4649EB0303C7F8E430D7F8F4305B6820
:104C60000022C7F8D830C7F8DC20D7E936120B4647
:104C7000DB183B65134642EB03037B65D7E914233E
:104C8000D7E93801FBF7A8FF02460B46614BA3FBAF
:104C900002235B091C01D7F8FC300022C7F8D03092
:104CA000C7F8D420D7E9348942464B469118B964F5
:104CB0005B41FB64D7E91223414612EB010A4946E6
:104CC00043EB010B4FF000024FF000034FEACB0320
:104CD00043EA5A734FEACA0292469B4643461AEB8E
:104CE0000303C7F8C8304B464BEB0303C7F8CC307F
:104CF000D7F8F4305B680022C7F8C030C7F8C4208A
:104D0000D7E930120B46DB183B64134642EB030332
:104D10007B64D7E91023D7E93201FBF75DFF024638
:104D20000B4611463B4BA3FB01235B09642202FBAC
:104D300003F3CB1ADB0003F13202364BA3FB022351
:104D40005B095B0003F4F8731C44D7F8FC300022C5
:104D5000C7F8B830C7F8BC20D7E92E8942464B4681
:104D60009118B9635B41FB63D7E90E2341465118A3
:104D7000396349464B417B634FF000024FF000031B
:104D8000D7E90CAB5946CB00514643EA5173514623
:104D9000CA0010461946034642469B18C7F8B03071
:104DA0004B460A4642EB0303C7F8B430D7F8F43059
:104DB0005B680022C7F8A830C7F8AC20D7E92A12F0
:104DC0000B46DB18BB62134642EB0303FB62D7E9D9
:104DD0000A23D7E92C01FBF7FFFE02460B460D4BD9
:104DE000A3FB02135B09642101FB03F3D31ADB006D
:104DF0003233084AA2FB03235B0903F00702D7F80A
:104E0000F4301B6822449A6006E100BF00100140A4
:104E1000001401401F85EB51D7F8FC300022C7F881
:104E2000A030C7F8A420D7E9288942464B469118FC
:104E300039625B417B62D7E90823414654184946F1
:104E400043EB01054FF000024FF00003EB0043EA93
:104E50005473E20014461D464346E318C7F89830E1
:104E60004B4645EB0303C7F89C30D7F8F4305B683A
:104E70000022C7F89030C7F894204FF000024FF09E
:104E80000003D7E9244529468B00214643EA917364
:104E900021468A00D7E92601FBF79EFE02460B4613
:104EA000604BA3FB02235B091C01D7F8FC300022F6
:104EB000C7F88830C7F88C20D7E9228942464B468C
:104EC0009118B9615B41FB61D7E90623414651184E
:104ED000396149464B417B614FF000024FF00003BE
:104EE000D7E904AB5946CB00514643EA51735146CA
:104EF000CA0010461946034642469B18C7F8803040
:104F00004B460A4642EB0303C7F88430D7F8F43027
:104F10005B680022BB67FA674FF000024FF00003A6
:104F2000D7E91E8949468B00414643EA91734146C1
:104F30008A00D7E92001FBF74FFE02460B461146D7
:104F4000384BA3FB01235B09642202FB03F3CB1A5A
:104F50001B013233334AA2FB03235B0903F0F00346
:104F60001C44D7F8FC3000223B677A67D7E91C89DC
:104F700042464B469118B9605B41FB60D7E902237A
:104F800041465118396049464B417B604FF0000261
:104F90004FF00003D7E900AB5946CB00514643EA36
:104FA00051735146CA0010461946034642469B18A3
:104FB000BB664B460A4642EB0303FB66D7F8F43068
:104FC0005B6800223B667A664FF000024FF00003F8
:104FD000D7E9188949468B00414643EA9173414617
:104FE0008A00D7E91A01FBF7F7FD02460B460D4B85
:104FF000A3FB02135B09642101FB03F3D31A1B011A
:105000003233084AA2FB03235B0903F00F02D7F8EF
:10501000F4301B6822449A6000BF07F58077BD46D4
:10502000BDE8B08F1F85EB512DE9FF4757EC106BA2
:10503000002F0C4619463B46BBBF07F100431F46F5
:1050400000232D230B700D9BDDF830A0914623F03B
:105050002008BCBF32461646B8F1460F05D0B8F15D
:10506000450F00D10134022100E0032103AB01937D
:1050700002AB009347EC106B5346224600F0B8FE9B
:10508000B8F1470F054619D119F0010F0ED000EB0A
:1050900004090022002330463946FBF72DFD08B1F4
:1050A000CDF80C903022039B4B451ED3039B0E9AE8
:1050B0005B1B2846136004B0BDE8F087B8F1460FCB
:1050C00000EB0409E5D10378302B0AD1002200233C
:1050D00030463946FBF710FD18B9C4F10104CAF88F
:1050E0000040DAF800309944D3E7591C03911A7054
:1050F000D9E7F7B50029BABF49422D232B23092947
:105100000270437029DD0DF1070425460A27224667
:10511000B1FBF7F607FB1613303302F8013C0B46E0
:10512000632B04F1FF343146F1DC3031931E04F877
:10513000011C411C1C46AB420AD30DF109039B1A0A
:10514000A54238BF0023821C1344181A03B0F0BDD7
:1051500013F8016B01F8016FEDE7302330318370F4
:10516000C170031DF1E700002DE9F04F8DB00C4632
:10517000DDF8588016461F46054600F02BFD0368F3
:1051800006931846FBF78CF800230A93D8F80030F2
:1051900094F818A0D4F800B00790073323F0070361
:1051A000B3EC027B8DED047BC8F80030DDE90483AD
:1051B00023F0004984ED127B9C4B4FF0FF324046B8
:1051C0004946FBF7CBFC70BB984B4FF0FF32404693
:1051D0004946FBF7A5FC30BBDDE9040100220023B2
:1051E000FBF794FC10B12D2384F84330904A914B87
:1051F000BAF1470F8CBF90469846032323612BF0EA
:10520000040323604FF00009009733460BAA2146A0
:10521000284600F0D1F9013040F08C804FF0FF308B
:105220000DB0BDE8F08FDDE9042310461946FBF709
:1052300095FC40B1059B804A002BBCBF2D2384F810
:1052400043307E4BD4E763685A1C0AF0DF093BD138
:10525000062363604BF480620023226003930AAB51
:10526000CDE901A309AB009361689DED040B0DF13D
:1052700023032846FFF7D8FEB9F1470F0999804666
:1052800029D1C81C02DB63688B4241DAAAF1020A09
:105290005FFA8AFA0139524604F150000991FFF78A
:1052A00028FF0A9A1318012A8146236102DC22682A
:1052B000D20701D5013323619DF82330002BA3D001
:1052C0002D2384F843309FE7B9F1470FC2D1002B5B
:1052D000C0D10123BDE7BAF1650FDBD9BAF1660F82
:1052E00018D1002963680BDD216113B92268D0074A
:1052F00002D501330B442361A1654FF00009DBE7C0
:1053000013B92268D20701D50233F4E70123F2E78B
:105310004FF0670A0A9B8B4205DC23682161D8079E
:10532000EAD54B1CE7E70029D4BFC1F102020122F4
:105330001344E0E723685A0507D4236942463146FF
:105340002846B84701302BD168E7BAF1650F40F223
:10535000DD80D4E9120100220023FBF7CDFB0028F9
:1053600033D0374A012331462846B84701303FF44D
:1053700055AFDDE90938434502DB2368D8070FD56F
:10538000DDE9062331462846B84701303FF446AFF1
:105390004FF0000908F1FF3804F11A0AC84509DC8A
:1053A00023689B0700F10381E0680B9B9842B8BF1C
:1053B000184635E70123524631462846B8470130A2
:1053C0003FF42CAF09F10109E8E7099B002B39DC18
:1053D0001B4A012331462846B84701303FF41EAF2F
:1053E000DDE9093959EA030302D12368D907D7D582
:1053F000DDE9062331462846B84701303FF40EAFB9
:105400004FF0000A04F11A0B099B5B42534501DC83
:105410004B4693E701235A4631462846B8470130A8
:105420003FF4FCAE0AF1010AEEE700BFFFFFEF7F99
:10543000C0880008BC880008C8880008C488000824
:10544000FB890008A36DDDF828A05345A8BF53468B
:10545000002B994636DC4FF0000B29EAE97904F17C
:105460001A02A36D0493A3EB09035B4531DC099B8E
:105470009A453ADC2368DA0737D4099BAAEB03097B
:10548000049BAAEB03039945A8BF9946B9F1000F05
:1054900033DC4FF0000829EAE97904F11A0B099B83
:1054A000AAEB0303A3EB090343457FF779AF01237D
:1054B0005A4631462846B84701303FF4AFAE08F1AE
:1054C0000108ECE7424631462846B8470130C2D1D0
:1054D000A4E60123314628460492B84701303FF440
:1054E0009DAE049A0BF1010BBBE7DDE906233146C3
:1054F0002846B8470130C0D190E6049A4B46424452
:1055000031462846B8470130C3D187E6DDF828A0E8
:10551000BAF1010F01DCDB0736D5012342463146E3
:105520002846B84701303FF479AEDDE9062331461D
:105530002846B84701303FF471AED4E91201002289
:1055400000230AF1FF3AFBF7D7FAC0B9534608F136
:10555000010231462846B84701300CD15EE60123EE
:105560005A4631462846B84701303FF457AE08F155
:105570000108D045F3DB4B4604F15002DFE64FF063
:10558000000804F11A0BF4E701234246E1E7012386
:105590004A4631462846B84701303FF43FAE08F14D
:1055A0000108E3680B995B1A4345F0DCFCE64FF019
:1055B000000804F11909F4E72DE9F047164698466A
:1055C0008A680B69DDF820909342B8BF13463360B8
:1055D00091F8432007460C460AB101333360236833
:1055E000990642BF336802333360256815F006051B
:1055F00006D104F1190AE36832689B1AAB4226DC33
:1056000094F843302268003B18BF012392062BD444
:1056100004F1430241463846C84701301ED0236892
:10562000226903F00603042B02BFE5683368ED1A14
:10563000A3680CBF25EAE57500259342C4BF9B1AF9
:10564000ED1800261A34B5421AD1002008E00123D3
:10565000524641463846C847013003D14FF0FF302B
:10566000BDE8F0870135C6E7E1185A1C302081F803
:105670004300224494F8451082F843100233C7E7F0
:105680000123224641463846C8470130E6D001365C
:10569000D9E700002DE9F0430D7E85B0782D9046C6
:1056A0000C9E07460C46994601F1430207D8622D2D
:1056B0000AD8002D00F0D780582D00F0BC8004F1EE
:1056C000420684F842503BE0A5F16303152BF6D85F
:1056D00001A151F823F000BF3157000845570008D9
:1056E000BF560008BF560008BF560008BF56000846
:1056F00045570008BF560008BF560008BF560008AF
:10570000BF5600084D5800086F570008FF570008A3
:10571000BF560008BF5600086F580008BF56000863
:105720006F570008BF560008BF560008075800080A
:1057300033681A1D1B68326004F1420684F8423057
:105740000123A1E033682068191D3160060601D5E8
:105750001D6803E04506FBD5B3F90050002D03DAC0
:105760002D236D4284F843305B480A2311E0216801
:105770003368080653F8045B02D4490648BFADB24B
:105780003360237E54486F2B5CD10823002184F8BA
:1057900043106668A660002E05DB21682E4321F0C9
:1057A0000401216050D01646B5FBF3F103FB115CF8
:1057B00010F80CC006F801CDAC4663450D46F3D990
:1057C000082B0BD12368DB0708D523696168994250
:1057D000DEBF302306F8013C06F1FF36921B226142
:1057E000CDF80090434603AA21463846FFF7E4FE71
:1057F00001304ED14FF0FF3005B0BDE8F083236893
:1058000043F0200323603548782584F84550236809
:10581000316813F0800F51F8045B03D113F0400F8F
:1058200018BFADB23160D90744BF43F020032360F5
:105830001DB11023AAE72848E7E7236823F02003D7
:105840002360F6E70A23A1E71646B9E7336825681F
:105850006169181D30602E061B6801D5196002E0D1
:105860006806FBD51980002323611646B8E7336824
:105870001A1D32601E68626800213046FAF7C0FCCB
:1058800008B1801B606063682361002384F84330A3
:10589000A6E72369324641463846C8470130A9D0B9
:1058A00023689B0713D4E068039B9842B8BF18464F
:1058B000A2E70123324641463846C847013099D015
:1058C0000135E36803995B1AAB42F2DCEBE7002594
:1058D00004F11906F5E700BFCC880008DD88000850
:1058E000002310B50446C0E90033C0E904338360E7
:1058F00081814366C2818361194608225C3000F0D1
:1059000061F90D4B63620D4BA3620D4BE3620D4BCE
:1059100023630D4B24629C4206D003F1680294423B
:1059200002D0D0339C4205D104F15800BDE81040AC
:1059300000F0C4B910BD00BFC15A0008E75A000802
:105940001F5B0008455B00086C030020024A034906
:10595000034800F06BB800BF0C000020B57C0008C5
:105960001C00002041680C4B994210B5044601D040
:1059700002F0A0F9A168094B994202D0204602F03A
:1059800099F9E168064B994204D02046BDE81040E1
:1059900002F090B910BD00BF6C030020D4030020BA
:1059A0003C0400200C4B0D4A0D4810B504211A6030
:1059B0000022FFF795FF0A4B01221C46092103F143
:1059C0006800FFF78DFF04F1D0000222BDE810400F
:1059D0001221FFF785BF00BFA40400204D59000825
:1059E0006C030020014800F06AB900BFAD0400203C
:1059F000014800F065B900BFAD04002010B50446B1
:105A0000FFF7F0FF236A1BB1BDE81040FFF7F0BFBE
:105A1000044B2362044B1B68002BF5D1FFF7C2FF38
:105A2000F2E700BF65590008A40400202DE9F843FF
:105A30000746884614460026D4E90195B9F10109C4
:105A400005D52468002CF7D13046BDE8F883AB8932
:105A5000012B07D9B5F90E30013303D0294638465A
:105A6000C04706436835E9E70EB470B59DB021AC78
:105A700000254FF4017254F8046BADF814201B9507
:105A800002900690FAF70CFC0B4B039007900B4822
:105A90000B934FF6FF73ADF816303246234602A93A
:105AA00000680F951495019401F0B8FD1DB0BDE894
:105AB000704003B0704700BFE35A00081800002090
:105AC00010B50C46B1F90E1000F0AAF80028ABBFD3
:105AD000636DA3891B1823F48053ACBF6365A38156
:105AE00010BD002070472DE9F0411F468B89DB0572
:105AF00005460C46164605D5B1F90E1002230022C4
:105B000000F07CF8A389B4F90E1023F48053A3812C
:105B100032463B462846BDE8F04100F093B810B548
:105B20000C46B1F90E1000F069F8B4F90C30421CC3
:105B30000BBF23F4805343F48053A381A38118BF88
:105B4000606510BDB1F90E1000F048B830B51446CC
:105B5000002C9BB005461A4605DA8B2303604FF0F4
:105B6000FF301BB030BD4FF40273ADF80C304FF076
:105B70000003199314BF04F1FF33234602930593E6
:105B80004FF6FF7300910491ADF80E3069461E9BED
:105B900001F0F2FB431CBCBF8B232B60002CE0D038
:105BA000009B00221A70DCE707B5009313460A46F3
:105BB000014603480068FFF7C9FF03B000BD00BFFE
:105BC0001800002002440346934200D1704703F8B6
:105BD000011BF9E7004870475801002038B5064D11
:105BE0000023044608462B60FCF738FC431C02D116
:105BF0002B6803B1236038BDA804002038B5074DD9
:105C000004460846114600222A601A46FCF74DFC5D
:105C1000431C02D12B6803B1236038BDA8040020C7
:105C200038B5074D04460846114600222A601A4638
:105C3000FCF7DBFB431C02D12B6803B1236038BDAA
:105C4000A804002038B5074D044608461146002236
:105C50002A601A46FCF7E6FB431C02D12B6803B10D
:105C6000236038BDA8040020014B1868704700BFAE
:105C70001800002070B50D4B0D4D5B1B9C100026CD
:105C8000A64209D102F0FAFC0A4D0B4B5B1B9C109B
:105C90000026A64205D170BD55F8043B9847013651
:105CA000EEE755F8043B98470136F2E7548C0008BC
:105CB000548C0008548C0008588C000870477047BA
:105CC00070470A44914200F1FF3300D1704710B58C
:105CD00011F8014B03F8014F9142F9D110BD2DE9A4
:105CE000F74F03690C69A34207467EDB013C01F1D3
:105CF0001408A30000F11405009305EB840301933D
:105D000058F8243055F8242001339A4208EB8409CE
:105D1000B2FBF3F62ED34FF0000AC446AE46D3468C
:105D20005CF8043B98B206FB00A0020C1B0C06FBBF
:105D30000323DEF8002080B292B2121A5A44DEF831
:105D400000004FEA134A9BB2C3EB224303EB10431C
:105D500092B242EA0342E1454EF8042B4FEA234B4C
:105D6000DED2009BEB582BB9019B043B9D421A46A7
:105D70002FD33C61384601F093F9002825DB2946F2
:105D8000002058F8042BD1F800C01FFA82FE1FFA39
:105D90008CF3A3EB0E030344120CC2EB234202EB81
:105DA0001C429BB243EA0243C14541F8043B4FEA1F
:105DB0002240E6D255F8242005EB840322B9043BA7
:105DC0009D421A460BD33C610136304603B0BDE814
:105DD000F08F1268043B002ACBD1013CC6E7126861
:105DE000043B002AEFD1013CEAE70020EEE7000087
:105DF0002DE9F04F99B08DED0E0B0C92C269229CEB
:105E00000A9157EC106B8146139382B9102000F071
:105E100015FE0246C9F81C0020B9AB4BEF21AB4878
:105E200002F00CF80023C0E901330360C36011687D
:105E300059B152684A60012393408B60484600F094
:105E4000F1FED9F81C3000221A60B7F10008B5BF86
:105E500001230023236023609D4BBCBF28F0004832
:105E6000CDF83C8033EA08031AD1139AC8F313081B
:105E700042F20F7358EA0608136000F06885239B0E
:105E800053B9944B21E0944B00930833239A136049
:105E9000009819B0BDE8F08F8E4B00930333F5E7FF
:105EA0009DED0E7B002251EC170B00238DED067B40
:105EB000FAF722FE824650B1139A01231360239B06
:105EC00013B1239A854B1360854B0093E0E79DED5A
:105ED000060B16AA17A9484601F096F95FEA18546E
:105EE000169D019079D0079BCDF850A0C3F3130302
:105EF000DDE9060143F07F5343F44013A4F2FF347D
:105F000019460022774BFAF7D7F969A3D3E90023A2
:105F1000FAF78AFB68A3D3E90023FAF7CFF906461C
:105F200020460F46FAF716FB65A3D3E90023FAF7DC
:105F30007BFB02460B4630463946FAF7BFF9064668
:105F40000F46FAF721FE00228046002330463946EC
:105F5000FAF7DCFD48B14046FAF7FCFA32463B4618
:105F6000FAF7CAFD08B908F1FF38B8F1160F51D891
:105F70005D4B03EBC803D3E90023DDE90601FAF723
:105F8000C5FD002848D008F1FF38002312932D1BCF
:105F90006B1E089343BF0023C5F101070893002738
:105FA000B8F1000F3ADB089BCDF8348043440893E6
:105FB000002309930A9B092B62D8052BC4BF043B1D
:105FC0000A930A9BA3F10203CCBF00240124032BF4
:105FD00062D8DFE803F05153362B179C2C4404F2AF
:105FE0003243202BC1BFC3F1400308FA03F804F287
:105FF000124326FA03F3D6BFC3F1200348EA030095
:1060000006FA03F0FAF796FA0122A1F1F873013CBF
:10601000149275E70123B9E71290B8E7C8F10003BD
:1060200009930023A7EB08070D93C3E701230B9304
:106030000C9B434405930133012B0493B8BF012308
:1060400006E001230B930C9B002B28DDCDE90433E4
:10605000D9F81C000021042202F114059D4223D925
:106060004160484600F0A0FD0090002840D11F4B41
:10607000024640F2AF11D2E60023E3E70023D6E761
:1060800001240023CDE90A344FF0FF33CDE9043376
:10609000002212230C92DBE701230B93F4E7012388
:1060A000CDE904331A46F5E701315200D4E700BFC9
:1060B00061436F63A787D23FB3C8608B288AC63F0E
:1060C000FB799F501344D33FFB88000812890008D6
:1060D0000000F07FF7880008EE880008FC890008BF
:1060E000FB8900080000F83F808A00086A890008E0
:1060F000D9F81C30009A1A60049B0E2B00F2A18084
:10610000002C00F09E80B8F1000F36DD9E4B08F0A9
:106110000F0203EBC20318F4807FD3E900AB4FEA10
:10612000281516D0994BDDE90601D3E90823FAF7C3
:10613000A5FBCDE9020105F00F050324934E75B9C7
:10614000DDE9020152465B46FAF798FB82468B4630
:106150002DE09DED067B02248DED027BEEE7E90745
:1061600008D550465946D6E90023FAF75DFA0134BE
:1061700082468B466D100836E1E700F0AD80C8F12D
:106180000005814B814E05F00F0203EBC203D3E9FA
:106190000023DDE90601FAF747FA2D1182468B4606
:1061A00000230224002D40F08C80002BCED1129BC6
:1061B000002B00F09580764B002250465946FAF7A6
:1061C000A5FC002800F08C80049B002B00F0888048
:1061D000059B002B35DD08F1FF33029350465946ED
:1061E0006C4B0022FAF720FA059E82468B4601345A
:1061F0002046FAF7AFF952465B46FAF715FA664BB6
:106200000022FAF75BF80446A1F15075CDE910457C
:10621000002E69D1614B002250465946FAF74CF8DE
:1062200022462B4682468B46FAF78EFC002840F029
:106230009482224605F1004350465946FAF766FC1F
:1062400020BB179B002BC0F26081B8F10E0F00F34A
:106250005C814D4B03EBC803D3E900AB0C9B002BD7
:1062600080F2EE80049B002B00F3EA800ED14B4BB2
:10627000002250465946FAF7D7F902460B46DDE9A7
:106280000601FAF74DFC002800F06A8200252C4632
:106290000C9B009EDB430293274600242946484678
:1062A00000F0C0FC002F00F0C1802CB1BC4203D034
:1062B0002146484600F0B6FC3946484600F0B2FC9C
:1062C000B4E0EA0705D5D6E90023FAF7ADF90134C1
:1062D00001236D10083665E7DDE906AB022466E7A9
:1062E000049ECDF8088083E7274B03EBC60353E9F0
:1062F00002010B9B002B55D002460B46002028497B
:10630000FAF7BCFADDE91023F9F7D6FF009BCDE9D7
:1063100010019D191E4659465046FAF735FC0446B1
:10632000FAF718F902460B4650465946F9F7C4FFEA
:106330003034DDE9102306F8014B82468B46FAF72C
:10634000E5FB002872D152465B4611490020F9F75F
:10635000B3FFDDE91023FAF7D9FB002840F0B6803F
:10636000AE423FF46EAFDDE910010A4B0022FAF7AE
:106370005BF9084BCDE91001002250465946FAF767
:1063800053F982468B46C6E7808A0008588A00087F
:106390000000F03F0000244000001C4000001440BA
:1063A0000000E03FDDE91023FAF73EF9009B009D75
:1063B000CDE910013344159359465046FAF7E4FBF2
:1063C0000446FAF7C7F830340B46024659465046A1
:1063D000F9F772FF05F8014B159B9D4282468B46EB
:1063E00027D1009B0022DDE910011E44B34BF9F7D1
:1063F00065FF02460B4650465946FAF7A5FB0028B2
:1064000064D1DDE91023AD490020F9F755FF0246BC
:106410000B4650465946FAF779FB00283FF411AF76
:10642000334616F8012D302AFAD01E46DDF80880D2
:106430003AE0A34B0022FAF7F7F882468B46BBE717
:10644000009E52465B46DDE90601FAF717FAFAF7B5
:106450009BFB0746FAF77EF852465B46FAF7E4F8EC
:1064600002460B46DDE90601F9F726FF07F1300C7D
:10647000009C06F801CBA6EB040C049C6445024684
:106480000B4633D1F9F71AFF52465B4604460D46D8
:10649000FAF75AFBC0B952465B4620462946FAF73E
:1064A0002BFB08B1FB070FD40199484600F0BAFB5B
:1064B0000023139A337008F101031360239B002B10
:1064C0003FF4E6AC1E60E3E4CDF8088033461E4698
:1064D00013F8012D392A06D1009A9A42F7D1029A6F
:1064E00001320292302201321A709FE7744B00226F
:1064F000FAF79AF802460B46CDE90623002200235C
:10650000FAF7FAFA00289CD0CEE70B9A002A00F09E
:10651000E3800A9A012A00F3C280149A002A00F04C
:10652000BA8003F23343099D3E46089A01211A447A
:1065300048461F44089200F029FC044656B1089BC7
:10654000002B07DDB342089AA8BF3346FF1AF61A9C
:10655000D31A0893099B0BB30B9B002B00F0C3804D
:10656000002D00F0BD8021462A46484600F0CEFCB2
:10657000019A01460446484600F01EFC01998246F5
:10658000484600F04FFB099B5B1B099300F0AE806F
:10659000099A5146484600F0B9FC0190012148464D
:1065A00000F0F4FB0D9B0546002B00F0D7811A4646
:1065B0000146484600F0AAFC0A9B012B054600F361
:1065C0009D800E9B002B40F094800F9BC3F3130320
:1065D000002B40F08E800F9B23F000431B0D1B050A
:1065E000002B00F08980089B0133013708934FF09E
:1065F000010A0D9B002B00F0B7812B6905EB83038B
:10660000186900F077FBC0F12000089B184410F0D7
:106610001F007ED0C0F12003042B72DD089BC0F167
:106620001C000344074406440893002F05DD01992C
:106630003A46484600F0C6FC0190089B002B05DD59
:1066400029461A46484600F0BDFC0546129B002B21
:1066500061D00198294600F023FD00285BDA08F19B
:10666000FF330293019900230A22484600F0FCFA06
:106670000B9B0190002B00F07981002321460A2218
:10668000484600F0F1FA059B002B044672DC0A9B99
:10669000022B49DC6EE0169BC3F1360343E7049BF3
:1066A0005D1E099BAB420DDB5D1B049B002BBFF6FF
:1066B0003BAF049BFE1A002337E700BF0000E03F1A
:1066C00000002440099B0D9A0995EB1A1A440D927B
:1066D000049B3E46002528E7099D0B9C3E462DE77E
:1066E000DDF804A054E7099A019953E7CDF804A016
:1066F00054E74FF0000A7CE79A467AE74FF0000A29
:106700007BE792D0089A1C331A441F441E44089217
:106710008BE70346F6E7049BCDF80880002B23DCCB
:1067200005930A9B022B21DD059B002B7FF4B0AD66
:1067300029460522484600F097FA01460546019889
:1067400000F0AEFC00287FF7A3AD009E312306F8D1
:10675000013B029B013302939EE535462C46F4E74C
:10676000049DCDF80880F9E7049B05930B9B002B53
:1067700000F00081002E05DD21463246484600F03B
:1067800021FC0446BAF1000F5AD06168484600F077
:106790000BFA064628B9824B024640F2EF21FFF77A
:1067A0003EBB22690232920004F10C010C30FFF76B
:1067B00088FA01223146484600F004FC0746009B57
:1067C000009A03F1010B059B134406930E9B03F003
:1067D000010308930BF1FF33294601980493FFF757
:1067E0007EFA2146059000F1300A019800F058FC2D
:1067F0003A4680462946484600F06EFCC268064686
:1068000002BB0146019800F04BFC02463146484667
:10681000099200F007FADDE9092342EA0301089B27
:1068200019435E4610D1BAF1390F2BD0B8F1000FE1
:1068300002DD059B03F1310A049B83F800A02DE5DE
:106840002746BCE70122E1E7B8F1000F06DB0A9B0F
:1068500048EA0308089B58EA030820D1002AEBDD28
:1068600001990122484600F0ADFB2946019000F055
:1068700017FC002803DCDFD11AF0010FDCD0BAF1DD
:10688000390FD6D1049A3923137033461E46013B83
:1068900016F8012C392A52D001321A70FEE4002A6F
:1068A00007DDBAF1390FEDD0049A0AF10103137034
:1068B000F4E4069B0BF801AC5B452AD00199002358
:1068C0000A22484600F0D0F9BC4201904FF0000384
:1068D0004FF00A022146484606D100F0C5F90446A9
:1068E00007460BF1010B75E700F0BEF93946044687
:1068F00000230A22484600F0B7F90746F1E7059B56
:106900005E1E002B009BD8BF00265A1C274616444B
:10691000002401990122484600F054FB29460190C9
:1069200000F0BEFB0028B0DC02D11AF0010FACD1A0
:1069300033461E4613F8012D302AFAD0AEE4009AF1
:106940009A42A3D1029B013302933123AFE7239BE9
:10695000002B7FF498AA134BFFF7B7BA0A9B012BC1
:106960007FF72FAEDDF834A001204EE6059B002B0B
:106970007FF7D7AE009E01982946FFF7B0F900F1E6
:10698000300A009B06F801ABF21A059B9342B6DD74
:10699000019900230A22484600F066F90190EAE7CF
:1069A0006A890008EE88000838B50546002941D0FC
:1069B00051F8043C0C1F002BB8BFE41800F0E8F8B5
:1069C0001D4A136833B9636014602846BDE8384037
:1069D00000F0E4B8A34208D9206821188B4201BF17
:1069E00019685B6809182160EDE71A465B680BB10E
:1069F000A342FAD911685018A0420BD12068014473
:106A0000501883421160E0D118685B6853600844F5
:106A10001060DAE702D90C232B60D6E72068211832
:106A20008B4204BF19685B68636004BF091821606A
:106A30005460CAE738BD00BFB4040020024B0146D1
:106A4000186800F025B800BF1800002070B50F4E80
:106A50000C463168054611B901F0E0F93060214675
:106A6000284601F0DBF9431C03D14FF0FF342046E8
:106A700070BDC41C24F00304A042F8D0211A28469B
:106A800001F0CCF90130F2D1EFE700BFB0040020F3
:106A90002DE9F843CD1C25F0030508350C2D38BF32
:106AA0000C25002D064601DBA94204D90C233360D6
:106AB0000020BDE8F883DFF8D48000F069F8D8F84A
:106AC00000301C4644BB29463046FFF7BFFF431C3D
:106AD000044658D1D8F800402746002F43D1002C57
:106AE0004BD023683946304604EB030901F096F990
:106AF000814542D121686D1A29463046FFF7A6FF2D
:106B000001303AD023682B442360D8F800305A680B
:106B100062BBC8F800700FE02268521B20D40B2A19
:106B200017D96119A342256018BF5960636808BF6F
:106B3000C8F8001062514B60304600F02FF804F1A5
:106B40000B00231D20F00700C21A1CBF1B1AA35004
:106B5000AFE76268A3420CBFC8F800205A60EBE7B9
:106B600023466468AEE73C467F68B6E71A465B6832
:106B7000A342FBD100235360DEE70C233360304691
:106B800000F00CF894E70560D6E700BFB4040020DD
:106B90000148FFF794B800BFAC0400200148FFF79C
:106BA0008FB800BFAC04002070B5C46905460E461E
:106BB00084B91020FFF742FF0446E86128B9024675
:106BC000164B17486B2101F039F90023C0E9013356
:106BD0000360C360E36853B921220421284601F011
:106BE0004BF9EB69E060DB680BB9002070BD53F82E
:106BF000260030B1026843F826200023C0E90333A1
:106C0000F4E7012101FA06F4621D9200284601F022
:106C100033F90028E9D0C0E90164EEE7FB880008F9
:106C20007B89000870B5C66905460C4676B9102008
:106C3000FFF704FF0246E86120B9094B09488F219C
:106C400001F0FCF8C0E901660660C6603CB1EB6982
:106C50006268DB6853F82210216043F8224070BD5F
:106C6000FB8800087B8900082DE9F0410D69074683
:106C70000C461E4601F1140C0020DCF8003099B2DD
:106C800002FB01611E0C0B0C02FB063389B20130C2
:106C900001EB034185424CF8041B4FEA1346ECDC40
:106CA0000EB3A368AB4219DC616838460131FFF7C7
:106CB0007BFF804628B902460C4B0D48BA2101F0F3
:106CC000BDF82269023204F10C0192000C30FEF78B
:106CD000F8FF21463846FFF7A5FF444604EB85033D
:106CE00001355E6125612046BDE8F0816A890008B2
:106CF0007B890008B0F5803F034636BF03040020BF
:106D00001020B3F1807F3CBF1B020830B3F1805FDD
:106D10003CBF1B010430B3F1804F3CBF9B000230ED
:106D2000002B05DB13F0804F00F1010008BF20208D
:106D300070470368024613F007000BD0D90721D42F
:106D4000980749BF5B089B08012013605CBF136074
:106D50000220704799B209B91B0C1020D9B209B9A9
:106D600008301B0A190704BF1B090430990704BF28
:106D70009B080230D90703D45B0800F1010003D05F
:106D800013607047002070472020704710B50C46F4
:106D90000121FFF709FF024628B9054B054840F2DB
:106DA000451101F04BF801234461036110BD00BFA0
:106DB0006A8900087B8900082DE9F04FD1F810900E
:106DC000D2F810A0D14585B08846144604DB53465E
:106DD0000C46CA4690469946A36861680AEB0906C4
:106DE000B342B8BF0131FFF7DFFE30B90246454B71
:106DF00045484FF4B17101F021F800F1140505EB9D
:106E000086072B460022BB421FD304F1140C08F165
:106E100014010CEB8A0301EB890202921A1B153A4A
:106E200022F0030215349C4288BF00220192029A8C
:106E300003918A420CD8002E03DD57F8043D002B45
:106E40005DD0066105B0BDE8F08F43F8042BDAE7AA
:106E5000B1F800A0BAF1000F24D0E046A9464FF0E7
:106E6000000E58F8042BD9F800401FFA82FBA4B298
:106E70000AFB0B444FEA124BD9F8002074444FEA46
:106E8000124E0AFB0BE202EB1442A4B244EA0244A3
:106E9000434549F8044B4FEA124EE2D8019AAA182A
:106EA000C2F804E0039AB2F802800431B8F1000F8E
:106EB00023D02A68E6469146AA464FF0000BBEF85A
:106EC000004008FB04B404EB194492B242EA0442C5
:106ED0004AF8042B5EF8042BDAF800904FEA124BC4
:106EE0001FFA89F208FB0B2202EB144273454FEAAA
:106EF000124BE4D8019C2C196260043597E7013EDF
:106F000099E700BF6A8900087B8900082DE9F843EA
:106F1000174612F0030280460D4607D0264C013A70
:106F2000002354F82220FFF79FFE0546BF103FD0F4
:106F3000D8F81C4094B91020FFF780FD0446C8F82B
:106F40001C0030B902461D4B1D4840F2B31100F041
:106F500075FF0023C0E901330360C360A66846B92A
:106F600040F271214046FFF711FF0023A060064662
:106F700003602C464FF0000907F001037F1053B166
:106F8000294632464046FFF717FF21460546404650
:106F9000FFF748FE67B1306838B93246314640469F
:106FA000FFF70AFF3060C0F8009006462C46E3E782
:106FB0002846BDE8F88300BF488A0008FB8800081F
:106FC0007B8900082DE9F84F0C464968236903EBDB
:106FD0006218A368074615464FEA621A08F10109CC
:106FE0004B450BDB3846FFF7DFFD064648B9024646
:106FF000294B2A484FF4EF7100F020FF01315B006C
:10700000EEE7002300F1140C00F11002194653457D
:1070100035DB22692AEAEA7A0CEB8A0C04F11403C4
:1070200015F01F0E614603EB82022CD0CEF1200A30
:10703000002518688B4600FA0EF02843CBF80000B4
:1070400053F8045B9A4201F1040125FA0AF5F0D8DD
:10705000131B153B23F0030304F115018A4238BFCB
:1070600000239C44CCF8045005B9C1463846C6F804
:1070700010902146FFF7D6FD3046BDE8F88F42F864
:10708000041F0133C3E753F8045B0D609A4201F11A
:107090000401F8D8E9E700BF6A8900087B89000885
:1070A0000A6903460069801A30B50ED114331431D1
:1070B00003EB820401EB820154F8045D51F8042DC6
:1070C000954203D005D24FF0FF3030BDA342F3D339
:1070D000FBE70120F9E700002DE9F74F8A46064655
:1070E000114650461446FFF7DBFF051E12D1294614
:1070F0003046FFF759FD024628B9414B40F237218F
:10710000404800F09BFE0123C0E90435104603B05F
:10711000BDE8F08FBCBF5346A2463046DAF80410F3
:10712000BABF1C4601250025FFF73EFD024618B9EF
:10713000334B40F24521E3E7DAF810702669C56069
:107140000AF1140904F1140E00F114050AF11003F8
:1071500009EB87080EEB86060193AB464FF0000C57
:10716000019B5EF8040B53F804AF01931FFA8AF3F6
:10717000194683B2CB1A000C6344C0EB1A4000EBF3
:1071800023409BB243EA004376454BF8043B4FEA69
:10719000204CE5D8331B153B153423F00303A642DE
:1071A00038BF0023E8184B441C1D04302646A5EBCD
:1071B0000905464506EB050E0ED308F10301091B30
:1071C00021F003010133984538BF0021014451F8F3
:1071D000043D9BB1176199E756F8041BE2464FEA5C
:1071E00011491CFA81FC514409EB2C4989B241EA4E
:1071F00009414FEA294CCEF80010DAE7013FE6E7F3
:107200006A8900087B8900082DE9F7430F460121B0
:1072100059EC108B1646FFF7C7FC044630B90246FE
:10722000234B244840F20F3100F008FEC9F30A5501
:10723000C9F313030DB143F480130193B8F10003B4
:1072400023D068460093FFF774FD0099D8B1019AE6
:10725000C0F1200302FA03F30B43C24063610192C1
:10726000019BA361002B0CBF012202222261A5B168
:10727000A5F2334505443D60C0F13500306020463D
:1072800003B0BDE8F0836161EAE701A8FFF751FDB3
:10729000019B636120300122E8E704EB8203A0F246
:1072A000324038601869FFF725FDC0EB4210E5E772
:1072B0006A8900087B8900082DE9F0478E681F461F
:1072C000BE4282460C469046334653D8B1F90C0074
:1072D00010F4906F2BD065692368096905EB4505AB
:1072E000A3EB010905EBD5757B1C6D104B44AB423C
:1072F0002A4684BF1D462A46430527D511465046D7
:10730000FFF7C6FB064658B321694A46FEF7D9FC8B
:10731000A38923F4906343F08003A3812661656110
:107320004E44A5EB09052660A5603E463B461F4638
:1073300020683A46414600F058FDA3689B1BA360B5
:1073400023683B4423600020BDE8F087504600F0EE
:10735000B9FD06460028E1D121695046FFF724FB1C
:107360000C23CAF80030A38943F04003A3814FF0F7
:10737000FF30E9E73E46DBE72DE9F0471F468B8902
:107380001B069CB006460D46144610D50B6973B912
:107390004021FFF77DFB2860286130B90C23336062
:1073A0004FF0FF301CB0BDE8F08740236B61002335
:1073B000099320238DF8293003973023654F8DF8EA
:1073C0002A304FF001082346994613F8012B0AB1E1
:1073D000252AF9D1B9EB040A0BD053462246294697
:1073E0003046FFF769FF013000F0A480099A52444B
:1073F000099299F80030002B00F09C8000234FF098
:10740000FF32CDE9052309F10109049307938DF8B3
:1074100053301A934C464F4814F8011B0522F8F7D5
:10742000EFFE049BD0B9D80644BF20228DF853202C
:10743000190744BF2B228DF8532099F800202A2ADF
:1074400013D0079A4C4600204FF00A0C214611F841
:10745000013B303B092B49D968B913E0C01B08FA3E
:1074600000F018430490A146D4E7039A111D126856
:107470000391002A01DB079204E0524243F0020329
:107480000792049323782E2B0AD163782A2B32D1CA
:10749000039B1A1D1B68039243EAE37302340593AE
:1074A000DFF8C090217803224846F8F7A9FE38B1EA
:1074B000049BA0EB09004022824013430134049353
:1074C00014F8011B24488DF828100622F8F798FEBE
:1074D000002835D0214818BB039B073323F007034E
:1074E00008330393099B034409936CE70CFB0232B6
:1074F0000C460120AAE700230134059319464FF0FA
:107500000A0C204610F8012B303A092A03D9002B27
:10751000C6D00591C4E70CFB012104460123F0E726
:1075200003AB00932A460E4B04A93046FDF71CFE20
:10753000421CD7D1AB895B063FF532AF099831E7E2
:1075400003AB00932A46064B04A93046FEF7A2F887
:10755000EEE700BFD4890008DE8900086951000801
:10756000B9720008DA89000838B54B1C144603D1FB
:107570004FF0FF35284638BD938923F020039381CF
:10758000636B5268CDB28BB1A36B934208DD236865
:107590005A1E226003F8015C636801336360E9E707
:1075A000214600F0E8FB0028F1D0E1E721692368DB
:1075B00051B1994208D213F8011CA94204D1013BF0
:1075C000013223606260D5E7C4E90F3204F144035D
:1075D00063630323A363234603F8465F2360012309
:1075E000DCE710B50C46496B69B104F144039942DC
:1075F00001D0FFF7D9F9236C63600020606313B1F9
:10760000E36B236010BD2369236000236360A389BB
:1076100043F02003A3814FF0FF30F3E72DE9F04F53
:10762000ADF5237D41AC0D460021C4E9031101A94C
:107630006161AF49C4F87C11DFF8C4B2AD49C4F848
:1076400080110746E846009392F80090B9F1000FC8
:1076500000F060811BF8093013F0080302F1010605
:107660001BD06B68002B10DD2B681A781BF80220EA
:10767000120701D43246E7E72269013222616A68C3
:107680000133013A6A602B60EBE7D4F88031294678
:10769000384698470028E7D0ECE7B9F1250F40F0CD
:1076A00084802360A36053782A2B02BF1023961C8A
:1076B00023600A22B2461AF8011BA1F13003092BFC
:1076C0001DD98D4B03221846F8F79AFD38B18A4B25
:1076D0002268C01A0123834013432360564616F8DC
:1076E000013B782B06D8572B10D8252B5DD057D8C7
:1076F000002B76D00323A3610A23636089E0A3688B
:1077000002FB03113039A1605646D3E7A3F15802BA
:10771000202AEFD801A151F822F000BFF17700082C
:10772000F5760008F57600084D780008F576000833
:10773000F5760008F5760008F5760008F57600087D
:10774000F5760008F57600086378000849780008A7
:10775000A7770008A7770008A7770008F576000844
:1077600003780008F5760008F5760008F57600083D
:10777000F5760008737800080B780008E9770008B0
:10778000F5760008F57600086F780008F5760008B1
:1077900049780008F5760008F5760008F1770008CA
:1077A000453B022BA6D8052332E06B68002B0DDD8C
:1077B0002B681A784A4540F0AD8001336A682B6027
:1077C0002369013A01336A60236153E7D4F88031B9
:1077D0002946384698470028EAD0E068002840F05B
:1077E00091804FF0FF3091E0226842F02002226049
:1077F000226842F40072226010226E2B626006D86A
:1078000001E000236360032302E008236360042394
:10781000A3616B68002B3CDD2368590605D42B68F7
:107820001A781BF8022012073BD4A369022B4BDC09
:1078300043462A462146384600F06EF8012869D0B2
:1078400002287FF417AFC8E70A22D6E7314601A81D
:1078500000F058FA236843F04003236006460123F2
:10786000D6E7236843F0400323600023D0E70223D8
:10787000CEE72068C3063FF5FDAED8F80030226998
:10788000191DC8F800101B68C0074CBF1A801A6089
:10789000F0E6D4F880312946384698470028BBD016
:1078A0009BE72269013222616A68013A002A6A6014
:1078B00002DD01332B60B2E7D4F880312946384627
:1078C00098470028ABD088E7042B06DC43462A46BD
:1078D0002146384600F07AF8B0E7084B002B3FF419
:1078E000C9AE43462A4621463846AFF30080A5E795
:1078F00069750008E3750008DA89000800000000D7
:10790000498B0008AB895B063FF56BAF0DF5237D16
:10791000BDE8F08FE068F9E72DE9F84315468A687D
:1079200080460C4632B98A69002A14BF4FF0FF32F4
:1079300001228A602268DFF89090D1065FBF1A6842
:10794000111D196016680027A06988B1012807D1A8
:107950002B681A7863699B5C53B9002F32D023E0FF
:10796000022821D12B681B7819F803301B071BD480
:107970002368DA065EBF2B681B7806F8013B6B684C
:10798000013B6B602B6801332B60A368013B01371F
:10799000A3604BB16B68002BD6DCD4F8803129464C
:1079A000404698470028CFD0236813F0100305D134
:1079B000E2680132E260A26902B1337023693B449C
:1079C00023610020BDE8F883498B00082DE9F04FC2
:1079D0009846734B0C468246164693E8070087B0DC
:1079E00003AB83E807006F4BA1696F4A032908BF07
:1079F0001A46A36801925A1EB2F5AE7F84BF6FF497
:107A0000AE7503EB0509274684BF40F25D13A36002
:107A100057F81C3B43F4506398BF4FF000092360B4
:107A20003D464FF0000B316803AB097853F82B004B
:107A30000222F8F7E5FB28B3BBF1010F58D16268C9
:107A40002AB92268082142F400726160226022682B
:107A500022F4A0622260A268511EA16092B1326835
:107A6000511C3160127805F8012B7268013A002A26
:107A7000726007DCD4F880213146504690470028D8
:107A800040F083800BF1010BBBF1030FCBD1616898
:107A900009B90A216160454B6069591A00F032F951
:107AA0004FF0000BA3682268002B3DD0316860695D
:107AB00091F800C010F80C00002835D0BCF1300F50
:107AC00024D1100522D50BF1010BB9F1000F03D021
:107AD000013309F1FF39A3607368013B002B736028
:107AE0001BDD336801333360A368013BA360D9E732
:107AF000BBF1020FAFD1226802F4C061B1F5007F83
:107B0000C5D11021616042F48072A3E722F41062B3
:107B100022600B7805F8013BDEE7D4F8803131466E
:107B2000504698470028DFD02368DB050DD5BD42BD
:107B300009D915F8011CD4F87C31324650469847D3
:107B400005F1FF394D46BD4227D0226812F01002E0
:107B500012D12A706368019E39465046B047D8F862
:107B6000003021681A1DC8F800208E061B680FD54A
:107B70001860E3680133E3602369ED1B5D442B4427
:107B80002361002007B0BDE8F08F4FF0000BCBE77A
:107B9000CA074CBF18801860EBE70120F2E700BF6E
:107BA0009888000815800008F5800008F58900080D
:107BB000B1F90C202DE9F041160705460C4651D4C9
:107BC0004B68002B02DC0B6C002B49DDE66A002EB3
:107BD00046D0002312F480522F682B6031D0626DA2
:107BE000A389590705D56368D21A636B0BB1236C5F
:107BF000D21A0023E66A216A2846B047421CB4F92B
:107C00000C3006D129681D2946D8294ACA40D60712
:107C100042D500226260D9042269226004D5421C48
:107C200001D12B6803B96065616B2F60C1B104F1AC
:107C30004403994202D02846FEF7B6FE0023636350
:107C40000EE0216A01232846B0470246501CC7D1E6
:107C50002B68002BC4D01D2B01D0162B1AD12F60FE
:107C600000201EE00F69002FFAD093070E6808BFAE
:107C70004B690F6018BF0023A6EB07088B60B8F1B3
:107C8000000FEDDD216AA66A43463A462846B04712
:107C9000002808DCB4F90C3043F04003A3814FF016
:107CA000FF30BDE8F0810744A8EB0008E7E700BF1C
:107CB0000100402038B50B6905460C4613B9002574
:107CC000284638BD18B1036A0BB9FDF797FEB4F921
:107CD0000C30002BF3D0626ED00704D4990502D487
:107CE000A06DFDF7ECFF28462146FFF761FF636EAC
:107CF000DA070546E4D4A3899B05E1D4A06DFDF71E
:107D0000DFFFDDE770B50B7804465E2B0BBF4B78C9
:107D10004A1C8A1C002108BF0121013804F1FF051B
:107D200000F8011FA842FBD10BB9501E70BD81F0B5
:107D30000101E1541046024612F8015B2D2D05D0D9
:107D40005D2D16D0002DF1D02B46F2E746785D2E42
:107D5000FAD0B342F8DC02301A4601329642A154FE
:107D6000FBDCF21A013AB342A8BF002201331344EC
:107D7000E1E71046DAE72DE9F0410C46496B04F1E2
:107D8000440399421DD14FF48061FEF781FE18B97A
:107D90004FF0FF30BDE8F0814FF48063A36394F8A7
:107DA0004630606380F8FF3394F8453080F8FE3346
:107DB00094F8443080F8FD3300F2FD30206000205C
:107DC000E8E7A66B77003A4600F07CF80546002805
:107DD000DED000EB0608014632464046FDF771FF53
:107DE000C4E90D57C4F80080E9E7884210B501EBFB
:107DF000020402D98442234607D8431EA14207D079
:107E000011F8012B03F8012FF8E70244824200D158
:107E100010BD13F8011D02F8011DF7E738B5064D36
:107E20000023044608462B60FAF74CFB431C02D1A2
:107E30002B6803B1236038BDA80400201FB5144689
:107E40001A46094B1B680546D8684CB1074B009190
:107E5000CDE9013406492B4600F05CF900F06CF9DD
:107E6000044B1C46F3E700BF180000200A8A0008F4
:107E7000178A0008458A000870B5A1FB025434B97E
:107E80002946FEF705FE064628B9304670BD0C228D
:107E900002600026F9E72A462146FDF793FEF4E743
:107EA00082B001B901A942B14BB113780B601278CD
:107EB000101E18BF012002B070471046FBE76FF09C
:107EC0000100F8E72DE9F041074614460D4621B9B7
:107ED000BDE8F0411146FEF7DBBD2AB9FEF764FDAF
:107EE00025462846BDE8F08100F02DF9844206467B
:107EF00002D8B4EB500FF4D821463846FEF7C8FD3F
:107F0000804608B94546ECE7B4422246294628BFD8
:107F10003246FDF7D6FE29463846FEF745FDF1E725
:107F2000242B2DE9F0478646904601D8012B06D137
:107F3000FDF79AFE162303600020BDE8F087344861
:107F40000D462A4615F8014B065D16F00806F8D1D5
:107F50002D2C10D12C780126951C33F0100215D150
:107F6000302C0DD12A7802F0DF02582A08D16C7823
:107F7000023510230AE02B2C04BF2C78951CECE76B
:107F8000002BF6D1302C14BF0A23082306F1004C35
:107F90000CF1FF3C0022BCFBF3F9104603FB19CAAD
:107FA000A4F13007092F0FD83C46A3421BDD571C14
:107FB00007D0814514D301D1A24511DB00FB03405A
:107FC000012215F8014BEBE7A4F14107192F01D865
:107FD000373CEAE7A4F16107192F04D8573CE4E7DE
:107FE0004FF0FF32EDE7531C08D12223CEF80030CA
:107FF0006046B8F1000FA0D0691E06E006B140420D
:10800000B8F1000F99D0002AF6D1C8F8001094E713
:10801000498B0008FFF784BF2DE9F043344E8646B4
:108020000D46284615F8014B375D17F00807F8D1C3
:108030002D2C10D12C780127851C33F0100015D180
:10804000302C0DD1287800F0DF00582808D16C784A
:10805000023510230AE02B2C04BF2C78851CECE79A
:10806000002BF6D1302C14BF0A2308234FF0FF3821
:108070000026B8FBF3F803FB08F96FEA090930465C
:10808000A4F1300CBCF1090F10D86446A3421EDDE8
:10809000B6F1FF3F07D0804516D301D1A14513DBD0
:1080A00000FB0340012615F8014BE9E7A4F1410C60
:1080B000BCF1190F01D8373CE8E7A4F1610CBCF121
:1080C000190F04D8573CE1E74FF0FF36EBE7731C7C
:1080D00006D12223CEF80030304632B9BDE8F08315
:1080E00007B14042002AF9D006B1691E1160F5E7D8
:1080F000498B0008FFF790BF0346084641B1FF2AAD
:1081000004D98A221A604FF0FF3070470A700120AC
:10811000704700000EB403B5014603AB054853F8A1
:10812000042B0068019300F03FF802B05DF804EB07
:1081300003B070471800002008B5062000F002FACE
:108140000120FAF747F951F8043C181F002BBCBF77
:108150000B58C01870479368013B002B10B4936014
:1081600008DA9469A34201DB0A2903D15DF8044BC4
:1081700000F02EB91368581C1060197008465DF89D
:10818000044B7047F8B506460F461446D518AC4266
:1081900001D1002007E014F8011B3A463046FFF7F2
:1081A000DAFF431CF3D1F8BD2DE9F0470D469CB032
:1081B00014461F46064618B1036A0BB9FDF71EFCAC
:1081C0006B6ED90705D4AB899A0502D4A86DFDF76B
:1081D00076FDAB891B0701D52B699BB92946304633
:1081E00000F034F970B16B6EDC0704D54FF0FF304E
:1081F0001CB0BDE8F087AB899805F7D4A86DFDF7F2
:108200005FFDF3E70023099320238DF829300397BE
:1082100030236A4F8DF82A304FF0010823469946E3
:1082200013F8012B0AB1252AF9D1B9EB040A0BD0B6
:108230005346224629463046FFF7A4FF013000F09E
:10824000A480099A5244099299F80030002B00F05A
:108250009C8000234FF0FF32CDE9052309F101098D
:10826000049307938DF853301A934C46534814F8EF
:10827000011B0522F7F7C4FF049BD0B9D90644BF00
:1082800020228DF853201A0744BF2B228DF853204B
:1082900099F800202A2A13D0079A4C4600204FF064
:1082A0000A0C214611F8013B303B092B49D968B92A
:1082B00013E0C01B08FA00F018430490A146D4E76D
:1082C000039A111D12680391002A01DB079204E052
:1082D000524243F002030792049323782E2B0AD1D3
:1082E00063782A2B32D1039B1A1D1B68039243EA41
:1082F000E37302340593DFF8D490217803224846D3
:10830000F7F77EFF38B1049BA0EB090040228240C2
:1083100013430134049314F8011B29488DF82810E5
:108320000622F7F76DFF00283ED0264818BB039BB6
:10833000073323F0070308330393099B034409938E
:108340006CE70CFB02320C460120AAE70023013443
:10835000059319464FF00A0C204610F8012B303ACD
:10836000092A03D9002BC6D00591C4E70CFB0121D3
:1083700004460123F0E703AB00932A46124B04A9FD
:108380003046FCF7F1FE431CD7D16B6ED90705D4FC
:10839000AB899A0502D4A86DFDF792FCAB895B0608
:1083A0003FF524AF099823E703AB00932A46064B19
:1083B00004A93046FDF76EF9E5E700BFD48900084F
:1083C000DE8900086951000885810008DA89000803
:1083D000F8B50E461446054618B1036A0BB9FDF709
:1083E0000DFBA369A360A3891A0701D5236943B9CB
:1083F0002146284600F02AF818B14FF0FF373846DA
:10840000F8BD23682269981A6369F6B28342374639
:1084100005DC21462846FFF74DFC0028EDD1A36876
:10842000013BA36023685A1C22601E706269431CD2
:108430009A4204D0A389DB07E1D50A2EDFD1214679
:108440002846FFF737FC0028D9D0D6E738B5284BA7
:10845000054618680C4618B1036A0BB9FDF7CEFA49
:10846000B4F90C301A0721D4D80607D409222A609F
:1084700043F04003A3814FF0FF3030E0590712D59D
:10848000616B41B104F14403994202D02846FEF7E2
:108490008BFA002363630022B4F90C306260226916
:1084A000226023F0240343F00803A38122693AB930
:1084B0009A0501D5180603D52146284600F082F812
:1084C000B4F90C3013F001020AD00022A2606269F4
:1084D0005242A261226942B913F08000C8D138BD6E
:1084E000990758BF6269A260F4E70020F7E700BF70
:1084F000180000201F2938B505460C4604D916235C
:1085000003604FF0FF3038BDC26B12B152F821301A
:108510004BB9284600F030F8224601462846BDE80F
:10852000384000F017B8012B0AD0591C03D116238C
:1085300003600120E7E7002142F824102046984715
:108540000020E0E7024B01461868FFF7D3BF00BFE9
:108550001800002038B5074D002304460846114690
:108560002B60F9F727FF431C02D12B6803B123606E
:1085700038BD00BFA8040020F9F714BF70B50C4641
:10858000B1F90E10002996B015461E460ADAA189E7
:1085900011F0800113D14FF48062002031602A6015
:1085A00016B070BD6A4600F047F80028EFDB01996D
:1085B00001F47041A1F5005359425941EBE7002104
:1085C0004022EAE78B8973B59E0705460C4607D51E
:1085D00004F14703236023610123636102B070BD8E
:1085E00001AB6A46FFF7CAFF009E28463146FEF7F8
:1085F0004FFAB4F90C3038B99A05EFD423F00303DD
:1086000043F00203A381E3E743F08003A381019BCE
:108610002060C4E90406002BE0D0B4F90E1028460F
:1086200000F01CF80028D9D0A38923F0030343F0FD
:108630000103A381D2E7000038B5074D00230446AB
:10864000084611462B60F9F715FF431C02D12B6831
:1086500003B1236038BD00BFA804002038B5064D23
:108660000023044608462B60F9F714FF431C02D18F
:108670002B6803B1236038BDA8040020F8B500BF03
:10868000F8BC08BC9E467047F8B500BFF8BC08BCF3
:048690009E4670474B
:10869800781E0000A0280000F03C000040510000B7
:1086A800127A0000E4A2000024F4000048E8010067
:1086B80090D0030020A107000D0A2D2D2D2049324E
:1086C8004320425553205343414E202D2D2D0D0A52
:1086D800000000005B4F4B5D20372D6269743A2023
:1086E800307825303258207C20382D6269743A2041
:1086F8003078253032580D0A000000002D2D2D202D
:108708005343414E20454E44202D2D2D0D0A000087
:108718005350492053746174653A203078253032BB
:10872800580D0A005478205374617475733A2025E3
:1087380064207C205278205374617475733A202524
:1087480064207C20476F743A203078253032580DE9
:108758000A0000004C6F52612056657273696F6E93
:108768003A203078253032580D0A0000E29D8C20DE
:108778004C6F526120696E6974206661696C65642A
:108788002120436865636B20776972696E672026CC
:10879800205350492073706565642E0D0A0000004F
:1087A800F09F93A12052656164792E2053656E6411
:1087B800696E672065766572792032732E2E2E0DCC
:1087C8000A00000052583A2025730D0A00000000E4
:1087D80025313973202564202564000050617273A7
:1087E8006564202D3E204469723A2025732C20535D
:1087F800706565643A2025642C2054696D653A20BB
:108808002564206D730D0A007269676874000000A2
:108818006C65667400000000666F727761726400B0
:108828006261636B776172640000000073746F703B
:108838000000000053544D3A20556E6B6E6F776EF2
:1088480020646972656374696F6E20272573270D2C
:108858000A00000053544D3A205061727365206538
:1088680072726F722E2055736520666F726D617417
:108878003A2027646972656374696F6E2073706546
:108888006564206475726174696F6E270D0A000053
:10889800F7890008FA890008FD890008000000002F
:1088A8000000000001020304060708090000000098
:1088B80001020304494E4600696E66004E414E00AF
:1088C8006E616E00303132333435363738394142D3
:1088D8004344454600303132333435363738396110
:1088E800626364656600496E66696E697479004EF4
:1088F800614E005245454E54206D616C6C6F63208B
:10890800737563636565646564002F6275696C647B
:108918002F676E752D746F6F6C732D666F722D7364
:10892800746D33325F31342E332E72656C312E32D2
:10893800303235313032372D303730302F73726363
:108948002F6E65776C69622F6E65776C69622F6C24
:108958006962632F7374646C69622F64746F612E2B
:10896800630042616C6C6F63207375636365656453
:108978006564002F6275696C642F676E752D746F5E
:108988006F6C732D666F722D73746D33325F313473
:108998002E332E72656C312E32303235313032370B
:1089A8002D303730302F7372632F6E65776C6962A4
:1089B8002F6E65776C69622F6C6962632F737464BC
:1089C8006C69622F6D707265632E6300232D302BE6
:1089D8002000686C4C0065666745464700412D4697
:1089E800612D66383930313233343536375D002BF6
:1089F8002D003030007858004300504F534958003C
:108A08002E002C2066756E6374696F6E3A200061C3
:108A18007373657274696F6E2022257322206661F4
:108A2800696C65643A2066696C6520222573222C7E
:108A3800206C696E65202564257325730A00000083
:108A480005000000190000007D0000000000000083
:108A58000080E03779C34143176E05B5B5B8934632
:108A6800F5F93FE9034F384D321D30F94877825AFE
:108A78003CBF737FDD4F1575000000000000F03F1C
:108A880000000000000024400000000000005940E1
:108A98000000000000408F40000000000088C34034
:108AA80000000000006AF8400000000080842E41A9
:108AB80000000000D01263410000000084D79741F5
:108AC8000000000065CDCD41000000205FA00242FB
:108AD800000000E876483742000000A2941A6D4270
:108AE800000040E59C30A2420000901EC4BCD64263
:108AF80000003426F56B0C430080E03779C341430E
:108B080000A0D8855734764300C84E676DC1AB4383
:108B1800003D9160E458E143408CB5781DAF1544A1
:108B280050EFE2D6E41A4B4492D54D06CFF080447C
:108B3800F64AE1C7022DB544B49DD9794378EA4491
:108B48000020202020202020202028282828282015
:108B5800202020202020202020202020202020200D
:108B68002088101010101010101010101010101075
:108B78001004040404040404040404101010101065
:108B8800101041414141414101010101010101012F
:108B98000101010101010101010101011010101081
:108BA8001010424242424242020202020202020201
:108BB8000202020202020202020202021010101055
:108BC800200000000000000000000000000000007D
:108BD800000000000000000000000000000000008D
:108BE800000000000000000000000000000000007D
:108BF800000000000000000000000000000000006D
:108C0800000000000000000000000000000000005C
:108C1800000000000000000000000000000000004C
:108C2800000000000000000000000000000000003C
:108C3800000000000000000000000000000000002C
:048C48000000000028
:088C4C009475FF7F0100000098
:048C5400C50100084E
:048C5800A10100086E
:108C5C000024F400100000000100000000000000DF
:108C6C00030000006C0300201C000020000000002A
:108C7C006C030020D40300203C0400200000000002
:108C8C0000000000000000000000000000000000D8
:108C9C0000000000000000000000000000000000C8
:108CAC0000000000000000000000000000000000B8
:108CBC000000000000000000430000000000000065
:108CCC000000000000000000000000000000000098
:108CDC000000000000000000430000000000000045
:108CEC000000000000000000000000000000000078
:108CFC000000000000000000430000000000000025
:108D0C000000000000000000000000000000000057
:108D1C000000000000000000430000000000000004
:108D2C000000000000000000000000000000000037
:108D3C0000000000000000004300000000000000E4
:108D4C000000000000000000000000000000000017
:108D5C0000000000000000004300000000000000C4
:108D6C0000000000000000000000000000000000F7
:108D7C0000000000000000004300000000000000A4
:108D8C0000000000000000000000000000000000D7
:108D9C000000000000000000F9800008A17E00081F
:108DAC0000000000488B0008088A0008458A00086B
:108DBC00458A0008458A0008458A0008458A00084B
:108DCC00458A0008458A0008458A0008458A00083B
:108DDC00FFFFFFFFFFFFFFFFFFFFFFFFFFFF000095
:108DEC00010041534349490000000000000000000D
:108DFC000000000000000000000000000000000067
:108E0C0000004153434949000000000000000000ED
:108E1C000000000000000000000000000000000046
:048E2C000000000042
:040000050800263990
:00000001FF
