:020000040800F2
:100000000000012065330008653000086D300008ED
:10001000753000087D3000088530000800000000C1
:100020000000000000000000000000008D3000080B
:100030009B30000800000000A9300008B73000081D
:10004000B5330008B5330008B5330008B5330008F0
:10005000B5330008B5330008C3300008B5330008D5
:10006000B5330008B5330008B5330008B5330008D0
:10007000B5330008B5330008B5330008B5330008C0
:10008000B5330008B5330008B533000800000000A0
:10009000000000000000000000000000B533000870
:1000A000B5330008B5330008B5330008B533000890
:1000B000B5330008B5330008B5330008B533000880
:1000C000B5330008B5330008B5330008B533000870
:1000D000B5330008B5330008B53300080000000050
:1000E000B5330008B5330008B53300080000000040
:1000F000000000000000000000000000B533000810
:1001000000000000B5330008B5330008B53300081F
:1001100000000000000000000000000000000000DF
:10012000B5330008B5330008B5330008B53300080F
:10013000B5330008000000000000000000000000CF
:10014000000000000000000000000000B5330008BF
:10015000B5330008B5330008B5330008B5330008DF
:10016000B5330008B53300080000000000000000AF
:10017000000000000000000000000000000000007F
:1001800000000000B533000800000000000000007F
:04019000B53300087B
:1001A00010B5054C237833B9044B13B10448AFF3B1
:1001B00000800123237010BDD40100200000000046
:1001C0000094000808B5034B1BB103490348AFF383
:1001D000008008BD00000000D80100200094000845
:1001E00001F0FF01102A2BDB10F0070F08D010F8E8
:1001F000013B013A8B422DD010F0070F42B3F6D1EC
:10020000F0B441EA012141EA014122F007047FF004
:1002100000070023F0E80256083C85EA010586EA5B
:10022000010685FA47F5A3FA87F586FA47F6A5FA97
:1002300087F68EB9EED1F0BC01F0FF0102F00702A3
:1002400032B110F8013B013A83EA010313B1F8D14E
:100250000020704701387047002D06BF354603382F
:10026000073815F0010F07D1013015F4807F02BF68
:10027000013015F4C03F0130F0BC0138704700BFB9
:10028000034613F8012B002AFBD1181A01387047D6
:1002900081F0004102E000BF83F0004330B54FEA37
:1002A00041044FEA430594EA050F08BF90EA020FA4
:1002B0001FBF54EA000C55EA020C7FEA645C7FEA37
:1002C000655C00F0E2804FEA5454D4EB5555B8BF5A
:1002D0006D420CDD2C4480EA020281EA030382EACB
:1002E000000083EA010180EA020281EA0303362D5D
:1002F00088BF30BD11F0004F4FEA01314FF4801C30
:100300004CEA113102D0404261EB410113F0004F41
:100310004FEA03334CEA133302D0524263EB4303F8
:1003200094EA050F00F0A780A4F10104D5F1200E96
:100330000DDB02FA0EFC22FA05F2801841F10001F1
:1003400003FA0EF2801843FA05F359410EE0A5F1C5
:1003500020050EF1200E012A03FA0EFC28BF4CF0F6
:10036000020C43FA05F3C01851EBE37101F00045AC
:1003700007D54FF0000EDCF1000C7EEB00006EEBB9
:100380000101B1F5801F1BD3B1F5001F0CD3490843
:100390005FEA30004FEA3C0C04F101044FEA44529A
:1003A00012F5800F80F09A80BCF1004F08BF5FEA21
:1003B000500C50F1000041EB045141EA050130BD01
:1003C0005FEA4C0C404141EB0101013C28BFB1F513
:1003D000801FE9D291F0000F04BF01460020B1FA5E
:1003E00081F308BF2033A3F10B03B3F120020CDA31
:1003F0000C3208DD02F1140CC2F10C0201FA0CF00F
:1004000021FA02F10CE002F11402D8BFC2F1200C73
:1004100001FA02F120FA0CFCDCBF41EA0C01904029
:10042000E41AA2BF01EB0451294330BD6FEA040472
:100430001F3C1CDA0C340EDC04F11404C4F120025D
:1004400020FA04F001FA02F340EA030021FA04F36F
:1004500045EA030130BDC4F10C04C4F1200220FAC6
:1004600002F001FA04F340EA0300294630BD21FA04
:1004700004F0294630BD94F0000F83F4801306BFCA
:1004800081F480110134013D4EE77FEA645C18BFBE
:100490007FEA655C29D094EA050F08BF90EA020F55
:1004A00005D054EA000C04BF1946104630BD91EA4D
:1004B000030F1EBF0021002030BD5FEA545C05D150
:1004C0004000494128BF41F0004130BD14F580048F
:1004D0003CBF01F5801130BD01F0004545F0FE4103
:1004E00041F470014FF0000030BD7FEA645C1ABF38
:1004F000194610467FEA655C1CBF0B46024650EA6F
:10050000013406BF52EA033591EA030F41F400219A
:1005100030BD00BF90F0000F04BF0021704730B520
:100520004FF4806404F132044FF000054FF00001F5
:1005300050E700BF90F0000F04BF0021704730B5B6
:100540004FF4806404F1320410F0004548BF40428B
:100550004FF000013EE700BF42004FEAE2014FEAE0
:1005600031014FEA02701FBF12F07F4393F07F4FBB
:1005700081F06051704732F07F4208BF704793F0BE
:100580007F4F04BF41F40021704730B54FF46074D1
:1005900001F0004521F000411CE700BF50EA0102D4
:1005A00008BF704730B54FF000050AE050EA01027D
:1005B00008BF704730B511F0004502D5404261EBED
:1005C00041014FF4806404F132045FEA915C3FF42E
:1005D000D8AE4FF003025FEADC0C18BF03325FEACB
:1005E000DC0C18BF033202EBDC02C2F1200300FA7C
:1005F00003FC20FA02F001FA03FE40EA0E0021FAA1
:1006000002F11444BDE600BF70B54FF0FF0C4CF48E
:10061000E06C1CEA11541DBF1CEA135594EA0C0F40
:1006200095EA0C0F00F0DEF82C4481EA030621EA7B
:100630004C5123EA4C5350EA013518BF52EA0335B6
:1006400041F4801143F4801338D0A0FB02CE4FF068
:100650000005E1FB02E506F00042E0FB03E54FF098
:100660000006E1FB03569CF0000F18BF4EF0010E90
:10067000A4F1FF04B6F5007F64F5407404D25FEA8C
:100680004E0E6D4146EB060642EAC62141EA55513F
:100690004FEAC52040EA5E504FEACE2EB4F1FD0C81
:1006A00088BFBCF5E06F1ED8BEF1004F08BF5FEAFF
:1006B000500E50F1000041EB045170BD06F00046B1
:1006C00046EA010140EA020081EA0301B4EB5C045E
:1006D000C2BFD4EB0C0541EA045170BD41F4801156
:1006E0004FF0000E013C00F3AB8014F1360FDEBF7B
:1006F000002001F0004170BDC4F10004203C35DA57
:100700000C341BDC04F11404C4F1200500FA05F3D9
:1007100020FA04F001FA05F240EA020001F000427A
:1007200021F0004110EBD37021FA04F642EB0601F0
:100730005EEA430E08BF20EAD37070BDC4F10C041A
:10074000C4F1200500FA04F320FA05F001FA04F2DE
:1007500040EA020001F0004110EBD37041F10001CA
:100760005EEA430E08BF20EAD37070BDC4F12005D5
:1007700000FA05F24EEA020E20FA04F301FA05F23D
:1007800043EA020321FA04F001F0004121FA04F2E5
:1007900020EA020000EBD3705EEA430E08BF20EAB5
:1007A000D37070BD94F0000F0FD101F000464000EF
:1007B00041EB010111F4801F08BF013CF7D041EA71
:1007C000060195F0000F18BF704703F00046520075
:1007D00043EB030313F4801F08BF013DF7D043EA46
:1007E0000603704794EA0C0F0CEA135518BF95EAFC
:1007F0000C0F0CD050EA410618BF52EA4306D1D183
:1008000081EA030101F000414FF0000070BD50EAA1
:10081000410606BF1046194652EA430619D094EA2B
:100820000C0F02D150EA013613D195EA0C0F05D115
:1008300052EA03361CBF104619460AD181EA030169
:1008400001F0004141F0FE4141F470014FF0000021
:1008500070BD41F0FE4141F4780170BD70B54FF0BC
:10086000FF0C4CF4E06C1CEA11541DBF1CEA13553C
:1008700094EA0C0F95EA0C0F00F0A7F8A4EB05041E
:1008800081EA030E52EA03354FEA013100F0888015
:100890004FEA03334FF0805545EA131343EA1263DE
:1008A0004FEA022245EA111545EA10654FEA002693
:1008B0000EF000419D4208BF964244F1FD0404F54C
:1008C000407402D25B084FEA3202B61A65EB0305A8
:1008D0005B084FEA32024FF480104FF4002CB6EB65
:1008E000020E75EB030E22BFB61A754640EA0C00E5
:1008F0005B084FEA3202B6EB020E75EB030E22BF25
:10090000B61A754640EA5C005B084FEA3202B6EB65
:10091000020E75EB030E22BFB61A754640EA9C0024
:100920005B084FEA3202B6EB020E75EB030E22BFF4
:10093000B61A754640EADC0055EA060E18D04FEAB2
:10094000051545EA16754FEA06164FEAC30343EA52
:1009500052734FEAC2025FEA1C1CC0D111F4801F1F
:100960000BD141EA00014FF000004FF0004CB6E718
:1009700011F4801F04BF01430020B4F1FD0C88BFB7
:10098000BCF5E06F3FF6AFAEB5EB030C04BFB6EBC2
:10099000020C5FEA500C50F1000041EB045170BDB5
:1009A0000EF0004E4EEA113114EB5C04C2BFD4EBE2
:1009B0000C0541EA045170BD41F480114FF0000E66
:1009C000013C90E645EA060E8DE60CEA135594EAE2
:1009D0000C0F08BF95EA0C0F3FF43BAF94EA0C0FE5
:1009E0000AD150EA01347FF434AF95EA0C0F7FF45A
:1009F00025AF104619462CE795EA0C0F06D152EAAE
:100A000003353FF4FDAE1046194622E750EA410691
:100A100018BF52EA43067FF4C5AE50EA41047FF4A2
:100A20000DAF52EA43057FF4EBAE12E74FF0FF3C07
:100A300006E000BF4FF0010C02E000BF4FF0010CD8
:100A40004DF804CD4FEA410C7FEA6C5C4FEA430C51
:100A500018BF7FEA6C5C1BD001B050EA410C0CBFA0
:100A600052EA430C91EA030F02BF90EA020F002002
:100A7000704710F1000F91EA030F58BF994208BF69
:100A800090422CBFD8176FEAE37040F00100704726
:100A90004FEA410C7FEA6C5C02D150EA013C07D17D
:100AA0004FEA430C7FEA6C5CD6D152EA033CD3D0C8
:100AB0005DF8040B704700BF8446104662468C46C2
:100AC0001946634600E000BF01B5FFF7B7FF0028F5
:100AD00048BF10F1000F01BD4DF808EDFFF7F4FF1E
:100AE0000CBF012000205DF808FB00BF4DF808EDA9
:100AF000FFF7EAFF34BF012000205DF808FB00BFCC
:100B00004DF808EDFFF7E0FF94BF012000205DF8ED
:100B100008FB00BF4DF808EDFFF7CEFF94BF0120A2
:100B200000205DF808FB00BF4DF808EDFFF7C4FF9B
:100B300034BF012000205DF808FB00BF4FEA410CE4
:100B40007FEA6C5C02D150EA013C0AD14FEA430CC7
:100B50007FEA6C5C02D152EA033C02D14FF0000004
:100B600070474FF0010070474FEA410212F5001242
:100B700015D211D56FF47873B3EB625212D94FEAE4
:100B8000C12343F0004343EA505311F0004F23FACE
:100B900002F018BF404270474FF00000704750EA23
:100BA000013005D111F0004008BF6FF000407047E0
:100BB0004FF00000704700BF7BB972B90029BEBF7B
:100BC00000204FF0004106E008BF00281CBF6FF076
:100BD00000414FF0FF3000F0D3B9ADF1080C6DE9E2
:100BE00004CE002909DB002B1ADB00F04DF8DDF8FC
:100BF00004E0DDE9022304B07047404261EB4101AB
:100C0000002B1BDB00F040F8DDF804E0DDE90223F7
:100C100004B0404261EB4101524263EB4303704731
:100C2000524263EB430300F02FF8DDF804E0DDE906
:100C3000022304B0404261EB41017047524263EB32
:100C4000430300F021F8DDF804E0DDE9022304B0FD
:100C5000524263EB4303704753B94AB9002908BFB6
:100C600000281CBF4FF0FF314FF0FF3000F088B973
:100C7000ADF1080C6DE904CE00F006F8DDF804E0F3
:100C8000DDE9022304B070472DE9F047089D0F46C7
:100C900004468C46002B48D18A42164661D9B2FAE6
:100CA00082F34BB1C3F1200201FA03FC20FA02F2F5
:100CB0009E4042EA0C0C9C404FEA164EB7B2BCFB79
:100CC000FEF1220C0EFB11CC42EA0C4201FB07F0B4
:100CD000904209D9B21801F1FF3C80F0EE809042B9
:100CE00040F2EB8002393244121AA4B2B2FBFEF099
:100CF0000EFB102244EA024400FB07F7A74209D981
:100D0000341900F1FF3280F0DA80A74240F2D78038
:100D10003444023840EA0140E41B00211DB1DC40AC
:100D20000023C5E90043BDE8F0878B4206D90DB129
:100D3000C5E9000100210846BDE8F087B3FA83F158
:100D4000002948D1BB4202D3824200F20781841AB3
:100D500067EB030201209446002DE4D0C5E9004C66
:100D6000E1E7002A00F09280B2FA82F3002B40F013
:100D7000A8808A1A4FEA164E1FFA86FC0121200C21
:100D8000B2FBFEF70EFB172240EA02420CFB07F013
:100D9000904207D9B21807F1FF3802D2904200F210
:100DA000E2804746121AA4B2B2FBFEF00EFB1022FC
:100DB00044EA02440CFB00FCA44507D9341900F1B5
:100DC000FF3202D2A44500F2CB801046A4EB0C0403
:100DD00040EA0740A2E7C1F120068B4022FA06FC58
:100DE0004CEA030C07FA01F420FA06F3F7404FEA45
:100DF0001C49234300FA01F81FFA8CFEB7FBF9F0F7
:100E00001C0C09FB107744EA074400FB0EF7A742CD
:100E100002FA01F20AD91CEB040400F1FF3A80F057
:100E20009B80A74240F2988002386444E41B9FB242
:100E3000B4FBF9F309FB134447EA044403FB0EFE39
:100E4000A64509D91CEB040403F1FF3780F082802A
:100E5000A6457FD9023B644443EA0040A4EB0E045C
:100E6000A0FB02E7BC427346B94663D360D05DB1D4
:100E7000B8EB030264EB090404FA06F622FA01F364
:100E80001E43CC40C5E9006400214CE762084808D5
:100E900042EAC1710B0C43EA00438AB242EA0342C0
:100EA000B3FBF6F1E407B4463746B6461F23B0FB62
:100EB000F6F0D21B41EA004161E7614614E71046B3
:100EC00028E7C3F1200120FA01F29E4027FA01F140
:100ED0009F403A434FEA164E1FFA86FCB1FBFEF7DD
:100EE0000EFB1710110C41EA004107FB0CF8884576
:100EF00004FA03F43AD9711807F1FF3001D288459A
:100F00001FD8A1EB0801B1FBFEF808FB0CF70EFBA4
:100F1000181192B242EA0142BA422FD2B21808F135
:100F2000FF31C6D2BA42C4D2A8F102013244C0E7AE
:100F3000F0459CD2BEEB020367EB0C070138B946C3
:100F400095E7A6EB08084144B81EB1FBFEF808FB84
:100F50000CF7DCE73B467FE7504667E70846FBE6D1
:100F60003444023832E7023F32441BE7A1EB080168
:100F70003846B1FBFEF808FB0CF7C8E7414698E796
:100F8000704700BF80B586B004AF78600B46FB7039
:100F90001346BB707B681868FB789AB24FF0FF333A
:100FA000029301230193BB1C00930123EC2102F067
:100FB000A5FE034618460837BD4680BD80B588B0FB
:100FC00004AFF8607A601A460B46FB7213463B8109
:100FD000FB681868FB7A9AB24FF0FF3302933B89A3
:100FE00001937B6800930123EC2102F081FF03460B
:100FF00018461037BD4680BD80B487B000AFF8609A
:10100000B9607A60BB68DA10FB68DB885B00D31AD2
:10101000FA68B2F9082002FB03F3DB127B61BB68BC
:101020001B11FA68D2889B1ABA681211F968C9882C
:10103000521A02FB03F31B13FA68B2F90A2002FBEF
:1010400003F39B133B617A693B691A447B681A601E
:101050007B681A6813469B00134480331B121846A2
:101060001C37BD465DF8047B70472DE9B04FCCB00E
:1010700000AFC7F81401C7F81011C7F80C21D7F852
:101080000C31DA171C461546B4F5FA3A45F1FF3B28
:10109000C7E94AABD7F82C21D7F8283103FB02F176
:1010A000D7F82C21D7F8283102FB03F3CA18D7F858
:1010B0002831A3FB038902EB09039946D7F81431C1
:1010C000B3F916301BB2DA17C7F8B830C7F8BC202E
:1010D000D7E92E01034603FB09F20B4608FB03F395
:1010E00013440246A8FB0221C7F8C410C7F8C02069
:1010F000D7F8C4201344C7F8C430D7E93034C7E95F
:101100004834C7E94834D7F81431B3F914301BB266
:10111000DA17C7F8B030C7F8B420D7F82831D7E9C4
:101120002C452A4602FB03F2D7F82C31214601FB5D
:1011300003F31A44D7F828312146A3FB0131C7F83D
:101140000411C7F80031D7F80431D318C7F80431B7
:101150004FF000004FF00001D7E940452B465904FD
:10116000234641EAD33123465804D7E948231418CB
:101170003C644B417B64D7E91034C7E94834D7F865
:101180001431B3F912301BB2DA17C7F8A830C7F818
:10119000AC204FF000004FF00001D7F8A830D90084
:1011A0000020D7E948231418BC634B41FB63D7E9FF
:1011B0000E34C7E94834D7F82C21D7F8283103FB7F
:1011C00002F1D7F82C21D7F8283102FB03F3CA1813
:1011D000D7F82831A3FB0331C7F8FC10C7F8F83063
:1011E000D7F8FC30D318C7F8FC30D7F81431B3F96E
:1011F00010301BB2DA17C7F8A030C7F8A420D7E91F
:101200003E452B46D7E92889424602FB03F24B466E
:10121000214601FB03F3134422464146A2FB012170
:10122000C7F8F410C7F8F020D7F8F4201344C7F833
:10123000F4304FF000004FF00001D7E93C45234661
:10124000180A2B4640EA03602B461912D7F81431CE
:10125000B3F90E301BB2DA17C7F89830C7F89C20E4
:10126000D7F82831D7E926894A4602FB03F2D7F896
:101270002C31444604FB03F31A44D7F82831444682
:10128000A3FB0434C7F8EC40C7F8E830D7F8EC30DB
:10129000D318C7F8EC304FF000024FF00003D7E945
:1012A0003A894C462303444643EA145344462203F6
:1012B00084183C6341EB03037B63D7E90C34C7E933
:1012C0004A34D7E94A2303F50041C7F89410C7F818
:1012D0009020D7F814319B899BB20022C7F8883040
:1012E000C7F88C20D7E924452B46D7E92289424606
:1012F00002FB03F24B46214601FB03F31344224653
:101300004146A2FB0121C7F8E410C7F8E020D7F856
:10131000E4201344C7F8E4304FF000024FF000031C
:10132000D7E9384529464A102946CB17C7E94A2349
:10133000D7E94A23134301D1002345E1D7F81031FF
:10134000C3F58013DA17BB62FA62D7E90A34C7E93A
:101350004634D7F818315B10C7F88430D7F8183105
:10136000DB07C7F88030D7E94823D7E92045214675
:10137000891AB967294661EB0303FB67D7E91E4564
:1013800022462B46911839625B417B62D7E90823DC
:1013900021465118B96129464B41FB614FF00002CB
:1013A0004FF00003D7E9068949468B01414643EADD
:1013B000916341468A01414689183961494643EBA8
:1013C000010179614FF000024FF00003D7E9048971
:1013D00049468B00414643EA917341468A001046D4
:1013E0001946034622469B18BB600B462A4642EB31
:1013F0000303FB604FF000024FF00003D7E90289BE
:1014000049468B00414643EA917341468A001046A3
:101410001946034622469B183B672B460A4642EB79
:1014200003037B67D7E94A23D7E91C01FFF7C4FB15
:1014300002460B46C7E94623D7F81431B3F91C30EE
:101440001BB2DA17BB66FA66D7E946234FF00000F5
:101450004FF00001500B40EAC3405913D7E91A4539
:101460002B4600FB03F2234603FB01F31344224601
:10147000A2FB0021C7F8DC10C7F8D820D7F8DC2081
:101480001344C7F8DC30D7E946234FF000004FF093
:101490000001500B40EAC3405913D7E936452B46AB
:1014A00000FB03F2234603FB01F313442246A2FB95
:1014B0000021C7F8D410C7F8D020D7F8D42013449F
:1014C000C7F8D4304FF000024FF00003D7E934459D
:1014D00021464A0E294642EAC11229464B16C7E95F
:1014E0004A23D7F81431B3F91A301BB2DA173B6626
:1014F0007A66D7F81831D7E918452A4602FB03F275
:10150000D7F81C31214601FB03F31344D7F8182107
:101510002146A2FB0121C7F8CC10C7F8C820D7F894
:10152000CC201344C7F8CC304FF000024FF000033A
:10153000D7E932452146CA0C294642EA41322946BA
:10154000CB14C7E94823D7E94601D7E94A238418D1
:10155000BC6541EB0303FB65D7E94823D7E9164592
:10156000214689183965294643EB010179654FF019
:1015700000004FF00001D7E914452346180A2B4616
:1015800040EA03602B461912D7F81431B3F918302A
:101590001BB2DA17BB64FA644FF000024FF000038D
:1015A000D7E912894C462301444643EA1473444662
:1015B000220184183C6041EB03037B60D7E90034CF
:1015C000C7E94634D7F81831184607F59877BD466D
:1015D000BDE8B08F80B487B000AFF860B9607A60C2
:1015E0007B68A3F596337B61BB689A03FB68B3F90C
:1015F00024301B05D21AFB68B3F9263019467B69E3
:1016000001FB03F3D31A03F58043DB13FA6892F965
:10161000282011467A6901FB02F29212F96891F8CA
:1016200022100846796900FB01F1C91201F5004159
:1016300001FB02F2921202F50012F968B1F92010D2
:1016400001FB02F202F50052921302FB03F37B61ED
:101650007B69DB137A69D21302FB03F3DB11FA68AF
:10166000927F02FB03F31B117A69D31A7B617B69BA
:1016700023EAE3737B617B69B3F1C85FA8BF4FF0D6
:10168000C8537B617B691B1318461C37BD465DF848
:10169000047B704780B58AB000AF786007F10C0218
:1016A000182388217868FFF789FC0346002B01D0B6
:1016B0000123C0E03B7B1AB27B7B1BB21B021BB237
:1016C00013431BB29AB27B68DA80BB7B1AB2FB7BF6
:1016D0001BB21B021BB213431AB27B681A813B7CFC
:1016E0001AB27B7C1BB21B021BB213431AB27B687B
:1016F0005A81BB7C1AB2FB7C1BB21B021BB2134388
:101700001BB29AB27B689A813B7D1AB27B7D1BB279
:101710001B021BB213431AB27B68DA81BB7D1AB27B
:10172000FB7D1BB21B021BB213431AB27B681A82E9
:101730003B7E1AB27B7E1BB21B021BB213431AB252
:101740007B685A82BB7E1AB2FB7E1BB21B021BB2A5
:1017500013431AB27B689A823B7F1AB27B7F1BB21B
:101760001B021BB213431AB27B68DA82BB7F1AB228
:10177000FB7F1BB21B021BB213431AB27B681A8396
:1017800097F820301AB297F821301BB21B021BB217
:1017900013431AB27B685A8397F822301AB297F82B
:1017A00023301BB21B021BB213431AB27B689A830D
:1017B0007B681B79602B3DD17B6803F11E020123FE
:1017C000A1217868FFF7FAFB07F10C020723E1215A
:1017D0007868FFF7F3FB3B7B1AB27B7B1BB21B02E3
:1017E0001BB213431AB27B681A84BA7B7B6883F8F6
:1017F0002220FB7B1BB21B011AB23B7C1BB203F005
:101800000F031BB213431AB27B689A847B7C1BB212
:101810001B011AB23B7C1B09DBB21BB203F00F03A6
:101820001BB213431AB27B68DA84BB7C5AB27B6862
:1018300083F82820002318462837BD4680BD80B590
:1018400084B000AF786007F10F020123D0217868DF
:10185000FFF7B4FB0346002B01D0012339E0FB7BEB
:10186000582B04D0FB7B602B01D0012331E0FA7BA5
:101870007B681A71B622E0217868FFF783FB0A20A3
:1018800001F00CFE7868FFF705FF0346002B01D03E
:1018900001231EE07B681B79602B0FD10122F2210E
:1018A0007868FFF76FFB2722F4217868FFF76AFB5F
:1018B0002422F5217868FFF765FB09E02722F4214F
:1018C0007868FFF75FFB2422F5217868FFF75AFB61
:1018D000002318461037BD4680BD000080B58EB08D
:1018E00000AFF860B9607A603B60FB681B79602BE1
:1018F00001D1082300E0062307F11802F721F86858
:10190000FFF75CFB0346002B01D0012361E03B7E27
:101910001A037B7E1B011343BA7E1209D2B2134312
:101920007B63FB7E1A033B7F1B0113437A7F120903
:10193000D2B213433B6307F114031A46396BF868BC
:10194000FFF75AFBF862FB6A07EE903AB8EEE77AC7
:10195000DFED226AC7EE267ABB68C3ED007A7B69A9
:101960001A46796BF868FFF780FBB862BB6A07EE2E
:10197000903AB8EE677ADFED1A6AC7EE267A7B688E
:10198000C3ED007A3B68002B1CD0FB681B79602BF1
:1019900018D1BB7F1B02FA7F13437B627B691A4617
:1019A000796AF868FFF716FE38623B6A07EE903AEC
:1019B000B8EEE77ADFED0B6AC7EE267A3B68C3ED37
:1019C000007A05E03B68002B02D03B68064A1A60AB
:1019D000002318463837BD4680BD00BF0000C8420E
:1019E0000000804300008044000080BF80B58AB0C2
:1019F00000AF07F1140300221A605A609A60DA609F
:101A00001A6100233B61504B1B6B4F4A43F00403A8
:101A100013634D4B1B6B03F004033B613B690023D5
:101A2000FB60494B1B6B484A43F080031363464BF2
:101A30001B6B03F08003FB60FB680023BB60424B21
:101A40001B6B414A43F0010313633F4B1B6B03F0D5
:101A50000103BB60BB6800237B603B4B1B6B3A4AB6
:101A600043F002031363384B1B6B03F002037B60EC
:101A70007B6800224FF40051344801F0C9FF012275
:101A80004FF40051324801F0C3FF00224FF4C0511F
:101A9000304801F0BDFF002220212D4801F0B8FFA1
:101AA0004FF400537B610123BB610023FB610023E2
:101AB0003B6207F114031946244801F025FE012377
:101AC0007B614FF48813BB610023FB6107F11403B2
:101AD0001946204801F018FE4FF400537B610123A2
:101AE000BB610123FB6100233B6207F1140319462C
:101AF000174801F009FE4FF4C0537B610123BB611D
:101B00000023FB6100233B6207F1140319461148CF
:101B100001F0FAFD20237B610123BB610023FB61FF
:101B200000233B6207F114031946094801F0ECFD5C
:101B300000220021062001F0B0FD062001F0C9FDC1
:101B400000BF2837BD4680BD003802400008024073
:101B5000000402400000024080B588B004AF786005
:101B60004FF0FF3302930323019307F10C0300931B
:101B700001230A223C21786802F0BAF90346FB737C
:101B8000FB7B002B01D0FB7B4BE03B7B482B05D143
:101B90007B7B342B02D1BB7B332B01D0012340E074
:101BA0007023FB724FF0FF3302930123019307F17F
:101BB0000B030093012300223C21786802F09EF879
:101BC0000346FB73FB7B002B01D0FB7B29E020232A
:101BD000BB724FF0FF3302930123019307F10A0315
:101BE0000093012301223C21786802F087F8034624
:101BF000FB73FB7B002B01D0FB7B12E000237B728D
:101C00004FF0FF3302930123019307F1090300937F
:101C1000012302223C21786802F070F80346FB732E
:101C2000FB7B18461037BD4680BD80B588B004AF39
:101C3000786039604FF0FF3302930123019307F17D
:101C40000E030093012309223C21786802F050F929
:101C50000346FB73FB7B002B01D0FB7B3AE0BB7B95
:101C600003F00103002B01D1022333E04FF0FF33D7
:101C700002930623019307F1080300930123032233
:101C80003C21786802F034F90346FB73FB7B002BA0
:101C900001D0FB7B1EE03B7A1BB21B021AB27B7A9F
:101CA0001BB213431AB23B681A80BB7A1BB21B02E9
:101CB0001AB2FB7A1BB213431AB23B689A803B7B81
:101CC0001BB21B021AB27B7B1BB213431AB23B68D6
:101CD0005A80002318461037BD4680BD80B500AF3E
:101CE000124B134A1A60114B124A5A600F4B0022D2
:101CF0009A600E4B0022DA600C4B4FF480421A615E
:101D00000A4B00225A61094B00229A61074B0022BC
:101D1000DA61064B00221A62044801F0ABFE03466A
:101D2000002B01D000F068FF00BF80BDF001002053
:101D300000540040A086010080B58AB000AF7860F2
:101D400007F1140300221A605A609A60DA601A617F
:101D50007B681B68194A93422CD100233B61184BC6
:101D60001B6B174A43F002031363154B1B6B03F005
:101D700002033B613B694FF440737B611223BB61FB
:101D80000023FB6103233B6204237B6207F11403FE
:101D900019460C4801F0B8FC0023FB60084B1B6C93
:101DA000074A43F400131364054B1B6C03F4001340
:101DB000FB60FB6800BF2837BD4680BD0054004073
:101DC000003802400004024080B582B000AF00221B
:101DD0004FF40051084801F01BFE00237B6002E035
:101DE0007B6801337B607B68272BF9DD00BF00BF78
:101DF0000837BD4680BD00BF0004024080B582B0F8
:101E000000AF00237B6002E07B6801337B607B686E
:101E1000272BF9DD01224FF40051034801F0F8FDB2
:101E200000BF0837BD4680BD0004024080B586B0C3
:101E300002AF0346FB710023FB73FB7903F07F03C2
:101E4000DBB2BB7300237B73FFF7BEFF07F10E010C
:101E50000A230122094803F03EFC07F10F0207F1B3
:101E60000D010A2300930123044803F078FDFFF7D6
:101E7000C5FFFB7B18461037BD4680BD50030020D0
:101E800080B586B002AF03460A46FB711346BB71AC
:101E9000FB7963F07F03DBB2FB73BB79BB73FFF7A6
:101EA00093FF07F10F010A230122094803F013FCF5
:101EB00007F10D0207F10E010A23009301230448E4
:101EC00003F04DFDFFF79AFF00BF1037BD4680BD00
:101ED0005003002080B500AF80210120FFF7D0FF24
:101EE00000BF80BD80B500AF81210120FFF7C8FF92
:101EF00000BF80BD90B583B000AF00F0FFF804468E
:101F000000F0B4F80346012202FA03F394FBF3F362
:101F10004FF47A7292FBF3F33B602620FFF786FFC3
:101F20000346FB713B68102B04DDFB7943F008038B
:101F3000FB7103E0FB7923F00803FB71FB79194681
:101F40002620FFF79DFF00BF0C37BD4690BD80B532
:101F500082B000AF786039603B68002B15D17B6898
:101F6000002B02DA00237B6004E07B680E2B01DD8E
:101F70000E237B607B685BB243F070035BB2DBB225
:101F800019460920FFF77CFF2DE07B68112B10DD3F
:101F90007B68142B01DD14237B607B68033B7B6033
:101FA00087214D20FFF76CFF33210B20FFF768FFDF
:101FB0000CE07B68012B01DC02237B6084214D2037
:101FC000FFF75EFF2B210B20FFF75AFF7B68DBB288
:101FD000023BDBB25BB263F07F035BB2DBB219465C
:101FE0000920FFF74DFF00BF0837BD4680BD000048
:101FF000B0B584B000AF78607968C8170A46034668
:102000005513D404184A4FF0000320462946FEF722
:1020100023FE02460B46C7E90223D7E902014FF02F
:1020200000024FF00003020C42EA01420B0CD3B253
:1020300019460620FFF724FFD7E902014FF00002FE
:102040004FF00003020A42EA01620B0AD3B21946BA
:102050000720FFF715FF3B7A19460820FFF710FF0E
:1020600000BF1037BD46B0BD0048E80180B500AFE5
:102070001E20FFF7DBFE03461B09DBB2184680BDBE
:1020800080B584B000AF78607B68052B02DC062346
:102090007B6004E07B680C2B01DD0C237B607B689C
:1020A000062B08D1C5213120FFF7EAFE0C2137208D
:1020B000FFF7E6FE07E0C3213120FFF7E1FE0A212A
:1020C0003720FFF7DDFE1E20FFF7B0FE0346FB734F
:1020D00097F90F3003F00F035AB27B685BB21B0114
:1020E0005BB213435BB2DBB219461E20FFF7C8FE9A
:1020F000FFF700FF00BF1037BD4680BDB0B58CB004
:1021000000AF1D20FFF792FE03461B0987F82F3012
:102110000E4B3C1D1D460FCD0FC40FCD0FC495E8CF
:10212000030084E8030097F82F30092B07D897F8AD
:102130002F309B0030333B4453F82C3C01E04FF0F0
:10214000FF3318463037BD46B0BD00BF18940008B5
:1021500080B584B000AF78600023FB607B6841F6F7
:102160007862934202DC0023FB603FE07B6842F62A
:10217000A002934202DC0123FB6037E07B6843F658
:10218000F042934202DC0223FB602FE07B6845F2C1
:102190004012934202DC0323FB6027E07B6847F692
:1021A0001222934202DC0423FB601FE07B684AF2A8
:1021B000E422934202DC0523FB6017E07B684FF2C8
:1021C0002442934202DC0623FB600FE07B68154A41
:1021D000934202DC0723FB6008E07B68124A9342CB
:1021E00002DC0823FB6001E00923FB601D20FFF7F0
:1021F0001DFE0346FB7297F90B3003F00F035AB232
:10220000FB685BB21B015BB213435BB2DBB21946E6
:102210001D20FFF735FEFFF76DFE00BF1037BD46EE
:1022200080BD00BF48E8010090D0030080B584B0B5
:1022300000AF78607B68042B02DC05237B6004E040
:102240007B68082B01DD08237B607B68043BFB6017
:102250001D20FFF7EBFD0346FB7297F90B3023F0CF
:102260000E035AB2FB685BB25B005BB213435BB216
:10227000DBB219461D20FFF703FE00BF1037BD4635
:1022800080BD80B582B000AF78607B68DBB2194654
:102290003920FFF7F5FD00BF0837BD4680BD80B58A
:1022A00000AF1E20FFF7C2FD034643F00403DBB27C
:1022B00019461E20FFF7E4FD00BF80BD80B582B047
:1022C00000AF7860002220211E4801F0A1FB0A2007
:1022D00001F0E4F8012220211A4801F099FB0A20BC
:1022E00001F0DCF84220FFF7A1FD0346122B01D0DC
:1022F000002322E0FFF7EEFD7868FFF779FE00216A
:102300000E20FFF7BDFD00210F20FFF7B9FD0C20C7
:10231000FFF78CFD034643F00303DBB219460C20A4
:10232000FFF7AEFD04212620FFF7AAFD01211120B1
:10233000FFF70DFEFFF7D6FD012318460837BD460F
:1023400080BD00BF0004024080B582B000AF78605D
:10235000FFF7C8FD7B68002B0BD01D20FFF766FD43
:10236000034643F00103DBB219461D20FFF788FD49
:102370000AE01D20FFF75AFD034623F00103DBB2FC
:1023800019461D20FFF77CFD00210D20FFF778FD89
:1023900000212220FFF774FD012318460837BD46AF
:1023A00080BD000080B5C4B000AF07F58873A3F509
:1023B0008673186007F58873A3F58873196007F5AD
:1023C0008873A3F588731B68002B01D1002353E0A9
:1023D0002220FFF72BFD0346C7F80C31D7F80C215C
:1023E00007F58873A3F588731B681344FF2B08D97E
:1023F000D7F80C31C3F1FF0207F58873A3F5887392
:102400001A6007F58873A3F5827380221A7007F5A6
:102410008873A3F5887207F58873A3F5867307F1AF
:102420000C01481C1268196804F08DFFFFF7CCFC02
:1024300007F58873A3F588731B689BB201339AB2C2
:1024400007F10C0132230F4803F045F9FFF7D6FCE2
:10245000D7F80C31DAB207F58873A3F588731B68D7
:10246000DBB21344DBB219462220FFF709FD07F562
:102470008873A3F588731B68184607F58877BD46EF
:1024800080BD00BF5003002080B584B000AF03467C
:10249000FB7183210120FFF7F3FCFB7983F001033B
:1024A000DBB2002B1CD000F0EDFFF8600CE000F078
:1024B000E9FF0246FB68D31AB3F5FA6F01D900238E
:1024C0000FE0012000F0EAFF1220FFF7AFFC034607
:1024D00003F00803002BEAD008211220FFF7D0FCFC
:1024E000012318461037BD4680BD000080B582B07C
:1024F00000AF1220FFF79AFC0346FB71FB791946E7
:102500001220FFF7BDFCFB7903F04003002B25D020
:10251000FB7903F02003002B20D1124B00221A601C
:10252000114B1B68002B04D02220FFF77FFC0346D1
:1025300003E01320FFF77AFC03463B601020FFF70F
:1025400075FC034619460D20FFF79AFC074B1B68E4
:10255000002B03D0054B1B683868984700BF08372D
:10256000BD4680BD4C0200204802002044020020ED
:1025700080B596B002AF7860396064231522214996
:10258000386803F0CFFC012387F84F302BE097F831
:102590004F309BB25B0099B232230322786801F07E
:1025A000D9FE0346002B19D197F84F2097F84F30EA
:1025B0005B0007F10C0000931346134A402104F01E
:1025C0008DFD07F10C031846FDF75AFE03469AB23B
:1025D00007F10C016423386803F0A4FC97F84F302E
:1025E000013387F84F3097F84F307E2BCFD96423D3
:1025F00011220649386803F095FC00BF5037BD46EC
:1026000080BD00BF409400085C94000884940008DA
:102610002DE9F04FDBB00EAF00F0CEFE00F074FA03
:10262000FFF7E4F900F078FC00F02AFEFFF756FB14
:10263000642000F033FF554803F03AFB03461A4686
:102640005349544800F01CFC422387F81B310023F7
:1026500087F81A3100224FF400514F4801F0D8F9A1
:1026600007F21B110A230122484803F034F80346FD
:1026700087F82F31002387F81B3107F58D7207F299
:102680001B110A2300930123404803F068F9034615
:1026900087F82E3101224FF400513F4801F0B8F97C
:1026A00097F82F2197F82E3197F81A1100913B498E
:1026B000384800F0E5FB4220FFF7B8FB034687F8F7
:1026C0002D3100BF97F82D31122B10D04220FFF78B
:1026D000ADFB034687F82D3197F82D311A46304966
:1026E0002C4800F0CDFB642000F0D8FE00BF2D4840
:1026F000FFF7E4FD034683F00103DBB2002B05D0B6
:102700002949244800F0BCFB00F076FA0720FFF7C7
:10271000B7FC2648FFF71CFD0520FFF787FDFFF7F4
:10272000BEFD1220FFF7ADFD01211120FFF70FFCC8
:102730001F49184800F0A4FB85210120FFF7A0FBEA
:102740001C48FFF709FA0346002B01D000F054FAA9
:1027500010491848FFF70CFF174B164A1A60174923
:102760000C4800F08DFB1448FFF769F80346002B76
:102770002CD1114B1B79602B01D1114B00E0114B77
:102780001A461149034800F07BFB25E05003002066
:1027900098940008AC03002000040240AC940008A8
:1027A000DC940008400ECF19F494000848E80100BA
:1027B00028950008F0010020240300204C95000813
:1027C0005C950008649500086C950008BD49BE48FA
:1027D00000F056FB00F010FABC4800F02EFA034659
:1027E000002B01D000F008FA07F1C4031946B748DE
:1027F00000F066FA0346002B5FD107F1A80207F14B
:10280000C4031146184600F0C1FAD7F8A83018469C
:10281000FDF7A2FE80468946D7F8AC301846FDF792
:102820009BFE82468B46D7F8B0301846FDF794FEE3
:10283000C7E90401D7F8B8301846FDF78DFEC7E99F
:102840000201D7F8BC301846FDF786FEC7E9000143
:10285000D7F8C0301846FDF77FFE04460D46D7F87E
:10286000B4301846FDF778FE07F11C03CDE90C01E2
:10287000CDE90A4597ED007B8DED087B97ED027B56
:102880008DED067B97ED047B8DED047BCDE902ABEE
:10289000CDE900898E4A8021184604F01FFC07F11B
:1028A0001C031846FDF7ECFC03469AB207F11C0125
:1028B0004FF0FF33844803F035FB07F19C0307F129
:1028C000A00207F1A4018348FFF708F80346002B94
:1028D0002FD1D7F8A4301846FDF73EFE04460D462A
:1028E000D7F8A0301846FDF737FE02460B46CDE973
:1028F000002322462B467849734800F0C1FA754BF5
:102900001B79602B11D1D7ED277AF5EEC07AF1EE65
:1029100010FA0ADBD7F89C301846FDF71DFE024678
:102920000B466E49684800F0ABFA6D49664800F006
:10293000A7FA6C496548FFF778F9034687F82C3108
:1029400097F82C31002B62D1664BB3F9003007EEBB
:10295000903AF8EEE77A9FED647A67EE877AC7EDF2
:102960004A7A604BB3F9023007EE903AF8EEE77A14
:102970009FED5D7A67EE877AC7ED497A594BB3F9D7
:10298000043007EE903AF8EEE77A9FED577A67EE5B
:10299000877AC7ED487A534BB3F900309A46D7F897
:1029A0002801FDF7D9FD04460D464E4BB3F9023020
:1029B0001E46D7F82401FDF7CFFD80468946494BD6
:1029C000B3F904303B61D7F82001FDF7C5FD02469D
:1029D0000B4607F1D400CDE908233B690693CDE906
:1029E00004890296CDE900455346404A462104F049
:1029F00075FB07F1D4031846FDF742FC03469AB273
:102A000007F1D4014FF0FF332F4803F08BFA00F0A9
:102A100039FD0246364B1B68D31AB3F5FA6F4CD317
:102A200000F030FD0346324A1360D7F8A430184650
:102A3000FDF792FD04460D46D7F8A0301846FDF785
:102A40008BFD80468946D7F89C301846FDF784FDFB
:102A500002460B4607F11C01079107F1D4010691CC
:102A6000CDE90423CDE90289CDE90045214AC821F9
:102A7000214804F033FB204A2049134800F000FAB3
:102A80000020FFF761FC1C48FDF7FAFB03461946DE
:102A90001948FFF787FC0020FFF7F6FCC7F81C0178
:102AA000D7F81C31002B04DD1549074800F0E8F980
:102AB00003E01449044800F0E3F94FF4FA6000F031
:102AC000EDFC91E67C950008AC030020F0010020AD
:102AD0008495000824030020CC950008E4950008A4
:102AE000F49500081C0300201F856B3FF895000833
:102AF000500200203496000854020020609600081E
:102B00006C9600087C96000880B594B000AF07F181
:102B1000200330220021184604F096FB07F10C0335
:102B200000221A605A609A60DA601A610023BB6062
:102B3000284B1B6C274A43F080531364254B1B6CB6
:102B400003F08053BB60BB6800237B60224B1B6893
:102B500023F44043204A43F4004313601E4B1B6898
:102B600003F440437B607B6802233B620123FB62EA
:102B700010233B630223BB630023FB6308233B64F6
:102B800054237B640223BB640423FB6407F120030A
:102B9000184602F0C1F80346002B01D000F02CF8D3
:102BA0000F23FB6002233B6100237B614FF48053C2
:102BB000BB610023FB6107F10C030221184602F000
:102BC00023FB0346002B01D000F016F800BF50375E
:102BD000BD4680BD003802400070004080B582B024
:102BE00000AF0346FB80FB88012B01D1FFF77EFC81
:102BF00000BF0837BD4680BD80B400AF72B600BFCD
:102C000000BFFDE780B586B004AF78600B46FB706F
:102C10001346BB70FB789AB24FF0FF330293012347
:102C20000193BB1C00930123D021786801F066F862
:102C3000034618460837BD4680BD80B584B000AF56
:102C4000786000226B217868FFF7DCFF0346FB7396
:102C5000FB7B002B01D0FB7B2EE0642000F01EFCF0
:102C6000072219217868FFF7CDFF0346FB73FB7B32
:102C7000002B01D0FB7B1FE003221A217868FFF7AD
:102C8000C1FF0346FB73FB7B002B01D0FB7B13E0F2
:102C900000221B217868FFF7B5FF0346FB73FB7B1F
:102CA000002B01D0FB7B07E000221C217868FFF796
:102CB000A9FF0346FB73FB7B18461037BD4680BD5A
:102CC00080B58AB004AF786039604FF0FF3302936B
:102CD0000E23019307F10803009301233B22D02127
:102CE000786801F005F90346FB75FB7D002B01D0E8
:102CF000FB7D46E03B7A1BB21B021AB27B7A1BB209
:102D000013431AB23B681A80BB7A1BB21B021AB279
:102D1000FB7A1BB213431AB23B685A803B7B1BB24F
:102D20001B021AB27B7B1BB213431AB23B689A8018
:102D3000BB7B1BB21B021AB2FB7B1BB213431AB242
:102D40003B68DA803B7C1BB21B021AB27B7C1BB255
:102D500013431AB23B681A81BB7C1BB21B021AB226
:102D6000FB7C1BB213431AB23B685A813B7D1BB2FA
:102D70001B021AB27B7D1BB213431AB23B689A81C5
:102D8000002318461837BD4680BD000080B483B0CC
:102D900000AF786039607B68B3F9003007EE903A95
:102DA000B8EEE77ADFED326AC7EE267A3B68C3ED0C
:102DB000007A7B68B3F9023007EE903AB8EEE77A12
:102DC000DFED2B6AC7EE267A3B68C3ED017A7B689C
:102DD000B3F9043007EE903AB8EEE77ADFED246AF3
:102DE000C7EE267A3B68C3ED027A7B68B3F90830F8
:102DF00007EE903AB8EEE77ADFED1E6AC7EE267A64
:102E00003B68C3ED047A7B68B3F90A3007EE903A69
:102E1000B8EEE77ADFED176AC7EE267A3B68C3EDB6
:102E2000057A7B68B3F90C3007EE903AB8EEE77A92
:102E3000DFED106AC7EE267A3B68C3ED067A7B6841
:102E4000B3F9063007EE903AB8EEE77ADFED0A6A9A
:102E5000C7EE267A9FED097A77EE877A3B68C3ED55
:102E6000037A00BF0C37BD465DF8047B704700BF96
:102E700000008046000003430000AA43B81E12422F
:102E80000EB480B5C7B000AF07F58C73A3F58A7395
:102E9000186007F58C73A3F58A731B68002B33D079
:102EA000D7F82431002B2FD007F5947207F58C73D7
:102EB000A3F586731A6007F58C73A3F5867307F183
:102EC00010001B68D7F824214FF4807104F0AEF98C
:102ED000C7F81401D7F81431002B16DDD7F81431D8
:102EE000FF2B28BFFF23C7F81031D7F810319AB253
:102EF00007F1100107F58C73A3F58A704FF0FF33CB
:102F0000006803F00FF800E000BF07F58E77BD46BC
:102F1000BDE8804003B0704780B500AF174B184A3A
:102F20001A60164B4FF482725A60144B00229A605A
:102F3000124B0022DA60114B00221A610F4B002263
:102F40005A610E4B4FF400729A610C4B3022DA61D9
:102F50000A4B00221A62094B00225A62074B0022D8
:102F60009A62064B0A22DA62044802F02BFB0346FF
:102F7000002B01D0FFF740FE00BF80BD50030020B2
:102F80000038004080B58AB000AF786007F11403C4
:102F900000221A605A609A60DA601A617B681B68C6
:102FA000194A93422CD100233B61184B1B6C174AE2
:102FB00043F480431364154B1B6C03F480433B6163
:102FC0003B690023FB60114B1B6B104A43F002036B
:102FD00013630E4B1B6B03F00203FB60FB684FF4A3
:102FE00044437B610223BB610023FB6103233B62FB
:102FF00005237B6207F114031946054800F084FBA2
:1030000000BF2837BD4680BD003800400038024070
:103010000004024080B483B000AF00237B60104BFB
:103020005B6C0F4A43F4804353640D4B5B6C03F4B9
:1030300080437B607B6800233B60094B1B6C084A24
:1030400043F080531364064B1B6C03F080533B60CA
:103050003B6800BF0C37BD465DF8047B704700BF7E
:103060000038024080B400AF00BFFDE780B400AF7D
:1030700000BFFDE780B400AF00BFFDE780B400AF44
:1030800000BFFDE780B400AF00BFFDE780B400AF34
:1030900000BFBD465DF8047B704780B400AF00BF41
:1030A000BD465DF8047B704780B400AF00BFBD46ED
:1030B0005DF8047B704780B500AF00F0CFF900BF2A
:1030C00080BD80B500AF012000F0BCFC00BF80BD1A
:1030D00080B400AF01231846BD465DF8047B7047FD
:1030E00080B582B000AF7860396004F0FFF8034625
:1030F00016221A604FF0FF3318460837BD4680BDD0
:1031000080B582B000AF78604FF0FF317868FFF78C
:10311000E7FF00BFFDE780B586B000AFF860B9609B
:103120007A6000237B610AE0AFF300800146BB6850
:103130005A1CBA60CAB21A707B6901337B617A6922
:103140007B689A42F0DB7B6818461837BD4680BD25
:1031500080B586B000AFF860B9607A6000237B610B
:1031600009E0BB685A1CBA601B781846AFF30080B0
:103170007B6901337B617A697B689A42F1DB7B680A
:1031800018461837BD4680BD80B483B000AF786064
:103190004FF0FF3318460C37BD465DF8047B70478F
:1031A00080B483B000AF786039603B684FF4005260
:1031B0005A60002318460C37BD465DF8047B704703
:1031C00080B483B000AF7860012318460C37BD4649
:1031D0005DF8047B704780B485B000AFF860B960DB
:1031E0007A60002318461437BD465DF8047B7047AB
:1031F00080B586B000AF7860144A154BD31A7B6156
:103200007B693B61134B1B68002B02D1114B124AA7
:103210001A60104B1A687B6813443A699A4207D2C5
:1032200004F064F803460C221A604FF0FF3309E003
:10323000084B1B68FB60074B1A687B681344054A00
:103240001360FB6818461837BD4680BD000001209A
:1032500000080000A80300204805002080B400AF4B
:10326000064BD3F88830054A43F47003C2F888301F
:1032700000BFBD465DF8047B704700BF00ED00E075
:1032800080B500AF114B124A1A60104B4FF4165222
:103290005A600E4B00229A600C4B0022DA600B4BF6
:1032A00000221A61094B0C225A61084B00229A61D4
:1032B000064B0022DA61054802F0E4FD0346002BCC
:1032C00001D0FFF799FC00BF80BD00BFAC03002018
:1032D0000010014080B58AB000AF786007F1140398
:1032E00000221A605A609A60DA601A617B681B6873
:1032F000194A93422CD100233B61184B5B6C174A4F
:1033000043F010035364154B5B6C03F010033B61F7
:103310003B690023FB60114B1B6B104A43F0010318
:1033200013630E4B1B6B03F00103FB60FB684FF450
:10333000C0637B610223BB610023FB6103233B620B
:1033400007237B6207F114031946054800F0DCF9F6
:1033500000BF2837BD4680BD001001400038024044
:1033600000000240DFF834D0FFF778FF0C480D4929
:103370000D4A002302E0D458C4500433C4188C42D0
:10338000F9D30A4A0A4C002301E013600432A24236
:10339000FBD303F0B1FFFFF73BF9704700000120BA
:1033A00000000020D4010020349A0008D40100203D
:1033B00044050020FEE7000080B500AF0E4B1B68FF
:1033C0000D4A43F4007313600B4B1B680A4A43F425
:1033D00080631360084B1B68074A43F480731360D3
:1033E000032000F04FF90F2000F008F8FFF712FE5D
:1033F0000023184680BD00BF003C024080B582B06B
:1034000000AF7860124B1A68124B1B7819464FF4C4
:103410007A73B3FBF1F3B2FBF3F3184600F067F9EC
:103420000346002B01D001230EE07B680F2B0AD846
:10343000002279684FF0FF3000F02FF9064A7B68D0
:103440001360002300E0012318460837BD4680BD05
:1034500000000020080000200400002080B400AF1D
:10346000064B1B781A46064B1B681344044A13602C
:1034700000BFBD465DF8047B704700BF0800002018
:10348000F403002080B400AF034B1B681846BD4610
:103490005DF8047B704700BFF403002080B584B062
:1034A00000AF7860FFF7EEFFB8607B68FB60FB68F9
:1034B000B3F1FF3F05D00A4B1B781A46FB68134453
:1034C000FB6000BFFFF7DEFF0246BB68D31AFA6855
:1034D0009A42F7D800BF00BF1037BD4680BD00BF7D
:1034E0000800002080B485B000AF78607B6803F0EE
:1034F0000703FB600C4BDB68BB60BA684FF6FF0349
:103500001340BB60FB681A02BB68134343F0BF6300
:1035100043F40033BB60044ABB68D36000BF143778
:10352000BD465DF8047B704700ED00E080B400AF5D
:10353000044BDB681B0A03F007031846BD465DF821
:10354000047B704700ED00E080B483B000AF034619
:10355000FB7197F90730002B0BDBFB7903F01F029F
:10356000074997F907305B09012000FA02F241F898
:10357000232000BF0C37BD465DF8047B704700BFB9
:1035800000E100E080B483B000AF03463960FB7116
:1035900097F90730002B0ADB3B68DAB20C4997F940
:1035A00007301201D2B20B4483F800230AE03B68D3
:1035B000DAB20849FB7903F00F03043B1201D2B2DF
:1035C0000B441A7600BF0C37BD465DF8047B70478C
:1035D00000E100E000ED00E080B489B000AFF860E9
:1035E000B9607A60FB6803F00703FB61FB69C3F114
:1035F0000703042B28BF0423BB61FB690433062B9C
:1036000002D9FB69033B00E000237B614FF0FF32EE
:10361000BB6902FA03F3DA43BB681A407B699A403C
:103620004FF0FF317B6901FA03F3D9437B680B400C
:10363000134318462437BD465DF8047B70470000ED
:1036400080B582B000AF78607B68013BB3F1807FCA
:1036500001D301230FE00A4A7B68013B53600F212D
:103660004FF0FF30FFF78EFF054B00229A60044BAE
:1036700007221A60002318460837BD4680BD00BFE8
:1036800010E000E080B582B000AF78607868FFF7A6
:1036900029FF00BF0837BD4680BD80B586B000AFAA
:1036A0000346B9607A60FB7300237B61FFF73EFF3E
:1036B00078617A68B9687869FFF78EFF024697F9F2
:1036C0000F3011461846FFF75DFF00BF1837BD46A3
:1036D00080BD80B582B000AF0346FB7197F907301B
:1036E0001846FFF731FF00BF0837BD4680BD80B5E3
:1036F00082B000AF78607868FFF7A2FF03461846F3
:103700000837BD4680BD000080B489B000AF786046
:10371000396000237B6100233B610023BB610023F0
:10372000FB6159E10122FB6902FA03F37B613B680B
:103730001B687A6913403B613A697B699A4240F0A1
:1037400048813B685B6803F00303012B05D03B68AD
:103750005B6803F00303022B30D17B689B68BB617D
:10376000FB695B00032202FA03F3DB43BA691340EF
:10377000BB613B68DA68FB695B0002FA03F3BA6974
:103780001343BB617B68BA699A607B685B68BB6105
:103790000122FB6902FA03F3DB43BA691340BB6100
:1037A0003B685B681B0903F00102FB6902FA03F343
:1037B000BA691343BB617B68BA695A603B685B684E
:1037C00003F00303032B17D07B68DB68BB61FB6945
:1037D0005B00032202FA03F3DB43BA691340BB61C7
:1037E0003B689A68FB695B0002FA03F3BA6913430A
:1037F000BB617B68BA69DA603B685B6803F003030E
:10380000022B23D1FB69DA087B68083253F8223097
:10381000BB61FB6903F007039B000F2202FA03F36D
:10382000DB43BA691340BB613B681A69FB6903F06B
:1038300007039B0002FA03F3BA691343BB61FB69F8
:10384000DA087B680832B96943F822107B681B6884
:10385000BB61FB695B00032202FA03F3DB43BA6935
:103860001340BB613B685B6803F00302FB695B00CC
:1038700002FA03F3BA691343BB617B68BA691A6041
:103880003B685B6803F44033002B00F0A280002308
:10389000FB60574B5B6C564A43F480435364544B74
:1038A0005B6C03F48043FB60FB68524AFB699B0836
:1038B000023352F82330BB61FB6903F003039B0022
:1038C0000F2202FA03F3DB43BA691340BB617B6842
:1038D000494A934219D07B68484A934213D07B6887
:1038E000474A93420DD07B68464A934207D07B6893
:1038F000454A934201D1042308E0072306E003234D
:1039000004E0022302E0012300E00023FA6902F050
:10391000030292009340BA691343BB613549FB69C6
:103920009B080233BA6941F82320384B9B68BB617E
:103930003B69DB43BA691340BB613B685B6803F4D6
:103940008013002B03D0BA693B691343BB612F4A34
:10395000BB6993602D4BDB68BB613B69DB43BA6994
:103960001340BB613B685B6803F40013002B03D07A
:10397000BA693B691343BB61244ABB69D360234BDB
:103980005B68BB613B69DB43BA691340BB613B6861
:103990005B6803F40033002B03D0BA693B6913431F
:1039A000BB611A4ABB695360184B1B68BB613B691A
:1039B000DB43BA691340BB613B685B6803F4803347
:1039C000002B03D0BA693B691343BB610F4ABB6943
:1039D0001360FB690133FB61FB690F2B7FF6A2AE1D
:1039E00000BF00BF2437BD465DF8047B704700BFB1
:1039F000003802400038014000000240000402404C
:103A000000080240000C024000100240003C01404F
:103A100080B483B000AF78600B467B8013467B7028
:103A20007B78002B03D07A887B689A6103E07B88DF
:103A30001A047B689A6100BF0C37BD465DF8047BB1
:103A40007047000080B582B000AF0346FB80084B92
:103A50005A69FB881340002B06D0054AFB88536146
:103A6000FB881846FFF7BAF800BF0837BD4680BD8F
:103A7000003C014080B584B000AF78607B68002BCB
:103A800001D101232BE17B6893F83D30DBB2002BA1
:103A900006D17B68002283F83C207868FEF74CF959
:103AA0007B68242283F83D207B681B681A687B684A
:103AB0001B6822F001021A607B681B681A687B6829
:103AC0001B6842F400421A607B681B681A687B68B6
:103AD0001B6822F400421A6001F04CFDF8607B681C
:103AE0005B68814A934207D8FB68804A934294BF3F
:103AF00001230023DBB206E0FB687D4A934294BFBA
:103B000001230023DBB2002B01D00123E7E0FB6897
:103B1000784AA2FB03239B0CBB607B681B685B6835
:103B200023F03F017B681B68BA680A435A607B68D0
:103B30001B681B6A23F03F017B685B686A4A9342FB
:103B400002D8BB68013309E0BB684FF4967202FBF0
:103B500003F3694AA2FB03239B0901337A681268C5
:103B60000B4313627B681B68DB6923F44F4222F02E
:103B7000FF027B685B685C498B4219D8FB68591E61
:103B80007B685B685B00B1FBF3F3591C40F6FC7388
:103B90000B40002B0AD0FB68591E7B685B685B00FA
:103BA000B1FBF3F30133C3F30B0351E004234FE004
:103BB0007B689B68002B11D1FB68581E7B68596895
:103BC0000B465B000B44B0FBF3F30133C3F30B0371
:103BD000002B0CBF01230023DBB212E0FB68581E50
:103BE0007B6859680B469B000B4499000B44B0FB63
:103BF000F3F30133C3F30B03002B0CBF01230023AA
:103C0000DBB2002B01D0012322E07B689B68002BF4
:103C10000ED1FB68581E7B6859680B465B000B444D
:103C2000B0FBF3F30133C3F30B0343F400430FE0A2
:103C3000FB68581E7B6859680B469B000B44990033
:103C40000B44B0FBF3F30133C3F30B0343F44043E2
:103C5000796809681343CB617B681B681B6823F094
:103C6000C0017B68DA697B681B6A1A437B681B6842
:103C70000A431A607B681B689B6823F4034323F0A4
:103C8000FF037A6811697A68D26811437A6812680A
:103C90000B4393607B681B68DB6823F0FF017B6844
:103CA0005A697B689B691A437B681B680A43DA6020
:103CB0007B681B681A687B681B6842F001021A6007
:103CC0007B6800221A647B68202283F83D207B6891
:103CD00000221A637B68002283F83E2000231846E6
:103CE0001037BD4680BD00BFA08601007F841E0046
:103CF000FF083D0083DE1B43D34D621080B588B0C2
:103D000002AFF860084611461A4603467B810B460F
:103D10003B811346FB80FFF7B5FB7861FB6893F8A6
:103D20003D30DBB2202B40F0D9807B690093192312
:103D300001226D49F86800F0B9FD0346002B01D05F
:103D40000223CCE0FB6893F83C30012B01D1022325
:103D5000C5E0FB68012283F83C20FB681B681B68F8
:103D600003F00103012B07D0FB681B681A68FB688E
:103D70001B6842F001021A60FB681B681A68FB6846
:103D80001B6822F400621A60FB68212283F83D2040
:103D9000FB68402283F83E20FB6800221A64FB681F
:103DA0003A6A5A62FB68BA8C5A85FB685B8D9AB294
:103DB000FB681A85FB684D4ADA62F8883A89798986
:103DC0007B690193BB6A00930346F86800F0F0FB3F
:103DD0000346002B52D0012381E07A69B96AF86862
:103DE00000F07EFE0346002B0DD0FB681B6C042BFD
:103DF00007D1FB681B681A68FB681B6842F40072F5
:103E00001A6001236BE0FB685B6A1A78FB681B6829
:103E10001A61FB685B6A5A1CFB685A62FB681B8D5F
:103E2000013B9AB2FB681A85FB685B8D9BB2013B34
:103E30009AB2FB685A85FB681B685B6903F0040350
:103E4000042B1BD1FB681B8D002B17D0FB685B6A12
:103E50001A78FB681B681A61FB685B6A5A1CFB686E
:103E60005A62FB681B8D013B9AB2FB681A85FB689E
:103E70005B8D9BB2013B9AB2FB685A85FB681B8D38
:103E8000002BAAD17A69B96AF86800F071FE03467E
:103E9000002B0DD0FB681B6C042B07D1FB681B6843
:103EA0001A68FB681B6842F400721A60012316E06E
:103EB000FB681B681A68FB681B6842F400721A6092
:103EC000FB68202283F83D20FB68002283F83E2017
:103ED000FB68002283F83C20002300E00223184600
:103EE0001837BD4680BD00BF020010000000FFFF74
:103EF00080B58CB002AFF860084611461A460346FA
:103F00007B810B463B811346FB80FFF7BBFA78624F
:103F1000FB6893F83D30DBB2202B40F014827B6AC3
:103F20000093192301227B49F86800F0BFFC034687
:103F3000002B01D0022307E2FB6893F83C30012BF1
:103F400001D1022300E2FB68012283F83C20FB68D8
:103F50001B681B6803F00103012B07D0FB681B687B
:103F60001A68FB681B6842F001021A60FB681B6854
:103F70001A68FB681B6822F400621A60FB68222240
:103F800083F83D20FB68402283F83E20FB68002236
:103F90001A64FB683A6B5A62FB68BA8E5A85FB68F2
:103FA0005B8D9AB2FB681A85FB685B4ADA62F88817
:103FB0003A8979897B6A0193BB6B00930346F86861
:103FC00000F08CFB0346002B01D00123BCE1FB6811
:103FD0001B8D002B13D100233B62FB681B685B69C0
:103FE0003B62FB681B689B693B623B6AFB681B6822
:103FF0001A68FB681B6842F400721A6090E1FB6863
:104000001B8D012B1BD1FB681B681A68FB681B68A2
:1040100022F480621A600023FB61FB681B685B6905
:10402000FB61FB681B689B69FB61FB69FB681B68A4
:104030001A68FB681B6842F400721A6070E1FB6842
:104040001B8D022B1BD1FB681B681A68FB681B6861
:1040500022F480621A60FB681B681A68FB681B68A0
:1040600042F400621A600023BB61FB681B685B6955
:10407000BB61FB681B689B69BB61BB6950E10023A6
:104080007B61FB681B685B697B61FB681B689B69E4
:104090007B617B6944E1FB681B8D032B00F2F1809F
:1040A000FB681B8D012B23D17A6AB96BF86800F08D
:1040B000A7FD0346002B01D0012345E1FB681B68E7
:1040C0001A69FB685B6AD2B21A70FB685B6A5A1C99
:1040D000FB685A62FB681B8D013B9AB2FB681A852C
:1040E000FB685B8D9BB2013B9AB2FB685A8517E176
:1040F000FB681B8D022B4ED17B6A0093BB6B0022A9
:104100000649F86800F0D2FB0346002B08D00123D3
:104110001AE100BF020010000000FFFF04000100D0
:10412000FB681B681A68FB681B6842F400721A601F
:10413000FB681B681A69FB685B6AD2B21A70FB687D
:104140005B6A5A1CFB685A62FB681B8D013B9AB282
:10415000FB681A85FB685B8D9BB2013B9AB2FB68DA
:104160005A85FB681B681A69FB685B6AD2B21A70D1
:10417000FB685B6A5A1CFB685A62FB681B8D013B3B
:104180009AB2FB681A85FB685B8D9BB2013B9AB2C1
:10419000FB685A85C4E07B6A0093BB6B00226C49C4
:1041A000F86800F083FB0346002B01D00123CBE02D
:1041B000FB681B681A68FB681B6822F480621A603F
:1041C000FB681B681A69FB685B6AD2B21A70FB68ED
:1041D0005B6A5A1CFB685A62FB681B8D013B9AB2F2
:1041E000FB681A85FB685B8D9BB2013B9AB2FB684A
:1041F0005A857B6A0093BB6B00225549F86800F032
:1042000055FB0346002B01D001239DE0FB681B6892
:104210001A68FB681B6842F400721A60FB681B682E
:104220001A69FB685B6AD2B21A70FB685B6A5A1C37
:10423000FB685A62FB681B8D013B9AB2FB681A85CA
:10424000FB685B8D9BB2013B9AB2FB685A85FB68A9
:104250001B681A69FB685B6AD2B21A70FB685B6AFA
:104260005A1CFB685A62FB681B8D013B9AB2FB68C3
:104270001A85FB685B8D9BB2013B9AB2FB685A853D
:104280004EE07A6AB96BF86800F0BAFC0346002B7E
:1042900001D0012358E0FB681B681A69FB685B6A60
:1042A000D2B21A70FB685B6A5A1CFB685A62FB68E0
:1042B0001B8D013B9AB2FB681A85FB685B8D9BB234
:1042C000013B9AB2FB685A85FB681B685B6903F087
:1042D0000403042B24D1FB681B8D032B07D1FB683F
:1042E0001B681A68FB681B6822F480621A60FB680E
:1042F0001B681A69FB685B6AD2B21A70FB685B6A5A
:104300005A1CFB685A62FB681B8D013B9AB2FB6822
:104310001A85FB685B8D9BB2013B9AB2FB685A859C
:10432000FB681B8D002B7FF4B6AEFB68202283F860
:104330003D20FB68002283F83E20FB68002283F8C2
:104340003C20002300E0022318462837BD4680BDEC
:104350000400010080B58AB002AFF8607A603B606B
:104360000B467B81FFF78EF8F8610023BB61FB6889
:1043700093F83D30DBB2202B40F01181FB690093B4
:10438000192301228849F86800F090FA0346002BAF
:1043900001D0022304E1FB6893F83C30012B01D1EA
:1043A0000223FDE0FB68012283F83C20FB681B68C8
:1043B0001B6803F00103012B07D0FB681B681A6818
:1043C000FB681B6842F001021A60FB681B681A68F0
:1043D000FB681B6822F400621A60FB68242283F8E1
:1043E0003D20FB6800221A64FB68704ADA62FB68B1
:1043F0001B681A68FB681B6842F480721A60FB69CC
:1044000000933B6800224FF00111F86800F04EFA6B
:104410000346002B0DD0FB681B681B6803F48073F8
:10442000B3F5807F03D1FB684FF400721A64032355
:10443000B6E07B89DBB21A46FB681B6802F0FE021D
:104440001A61FFF71FF8F861FB681B685B6903F0EE
:104450000203022B0CBF01230023DBB2FB75FB68B8
:104460001B685B6903F48063B3F5806F0CBF0123A5
:104470000023DBB2BB7525E0FFF704F80246FB69B9
:10448000D31A3A689A4202D33B68002B03D1FB68E7
:10449000A02283F83D20FB681B685B6903F00203E0
:1044A000022B0CBF01230023DBB2FB75FB681B68EA
:1044B0005B6903F48063B3F5806F0CBF01230023B5
:1044C000DBB2BB75FB6893F83D30DBB2A02B05D0A7
:1044D000FB7D002B02D1BB7D002BCDD0FB682022C1
:1044E00083F83D20FB681B685B6903F00203022B25
:1044F00029D1FB681B681A68FB681B6842F40072CC
:104500001A6000233B61FB681B685B693B61FB68C9
:104510001B689B693B613B69FB690093192301227E
:104520002149F86800F0C2F90346002B01D00123AD
:1045300036E0FB68202283F83D20FB68002283F8E8
:104540003C2000232CE0FB681B681A68FB681B6892
:1045500042F400721A60FB681B686FF480625A6153
:10456000FB690093192301220F49F86800F09EF9B6
:104570000346002B01D0012312E0BB690133BB616C
:10458000BA697B689A42FFF432AFFB68202283F855
:104590003D20FB68002283F83C20012300E0022339
:1045A00018462037BD4680BD020010000000FFFF06
:1045B00080B588B002AFF860084611461A46034637
:1045C0007B810B463B811346FB80FB681B681A68A6
:1045D000FB681B6842F480721A607B6A00933B6A36
:1045E00000224FF00111F86800F060F90346002B3B
:1045F0000DD0FB681B681B6803F48073B3F5807FE4
:1046000003D1FB684FF400721A6403235FE07B89D7
:10461000DBB21A46FB681B6802F0FE021A617B6A75
:104620003A6A2D49F86800F0BBF90346002B01D027
:1046300001234CE000237B61FB681B685B697B61A5
:10464000FB681B689B697B617B697A6A396AF868D9
:1046500000F046FA0346002B0DD0FB681B6C042BC0
:1046600007D1FB681B681A68FB681B6842F400727C
:104670001A6001232BE0FB88012B05D13B89DAB2BC
:10468000FB681B681A6121E03B891B0A9BB2DAB206
:10469000FB681B681A617A6A396AF86800F020FAC8
:1046A0000346002B0DD0FB681B6C042B07D1FB6865
:1046B0001B681A68FB681B6842F400721A600123C9
:1046C00005E03B89DAB2FB681B681A6100231846D3
:1046D0001837BD4680BD00BF0200010080B588B01C
:1046E00002AFF860084611461A4603467B810B4626
:1046F0003B811346FB80FB681B681A68FB681B68DC
:1047000042F480621A60FB681B681A68FB681B68C9
:1047100042F480721A607B6A00933B6A00224FF079
:104720000111F86800F0C2F80346002B0DD0FB68B9
:104730001B681B6803F48073B3F5807F03D1FB68AB
:104740004FF400721A640323AAE07B89DBB21A4695
:10475000FB681B6802F0FE021A617B6A3A6A5249E2
:10476000F86800F01DF90346002B01D0012397E003
:1047700000237B61FB681B685B697B61FB681B68CE
:104780009B697B617B697A6A396AF86800F0A8F9ED
:104790000346002B0DD0FB681B6C042B07D1FB6874
:1047A0001B681A68FB681B6842F400721A600123D8
:1047B00076E0FB88012B05D13B89DAB2FB681B68E8
:1047C0001A6121E03B891B0A9BB2DAB2FB681B68C5
:1047D0001A617A6A396AF86800F082F90346002B98
:1047E0000DD0FB681B6C042B07D1FB681B681A6893
:1047F000FB681B6842F400721A60012350E03B8999
:10480000DAB2FB681B681A617A6A396AF86800F0E4
:1048100067F90346002B0DD0FB681B6C042B07D1F6
:10482000FB681B681A68FB681B6842F400721A6018
:10483000012335E0FB681B681A68FB681B6842F4BB
:1048400080721A607B6A00933B6A00224FF001116C
:10485000F86800F02BF80346002B0DD0FB681B68AE
:104860001B6803F48073B3F5807F03D1FB684FF4BA
:1048700000721A64032313E07B89DBB243F0010367
:10488000DAB2FB681B681A617B6A3A6A0649F86803
:1048900000F086F80346002B01D0012300E000233E
:1048A00018461837BD4680BD0200010080B584B0AF
:1048B00000AFF860B9603B601346FB7148E03B68AD
:1048C000B3F1FF3F44D0FEF7DDFD0246BB69D31ACA
:1048D0003A689A4202D33B68002B39D1BB681B0C63
:1048E000DBB2012B0DD1FB681B685B69DA43BB6847
:1048F00013409BB2002B0CBF01230023DBB21A46EE
:104900000CE0FB681B689B69DA43BB6813409BB2F1
:10491000002B0CBF01230023DBB21A46FB799A421D
:1049200016D1FB6800221A63FB68202283F83D2021
:10493000FB68002283F83E20FB681B6C43F02002DA
:10494000FB681A64FB68002283F83C20012323E003
:10495000BB681B0CDBB2012B0DD1FB681B685B69CC
:10496000DA43BB6813409BB2002B0CBF012300232A
:10497000DBB21A460CE0FB681B689B69DA43BB6834
:1049800013409BB2002B0CBF01230023DBB21A465D
:10499000FB799A4293D0002318461037BD4680BD5C
:1049A00080B584B000AFF860B9607A603B6071E0B8
:1049B000FB681B685B6903F48063B3F5806F23D1E8
:1049C000FB681B681A68FB681B6842F400721A6077
:1049D000FB681B686FF480625A61FB6800221A63EF
:1049E000FB68202283F83D20FB68002283F83E20EC
:1049F000FB681B6C43F00402FB681A64FB6800222E
:104A000083F83C20012367E07B68B3F1FF3F41D08E
:104A1000FEF738FD02463B68D31A7A689A4202D301
:104A20007B68002B36D1BB681B0CDBB2012B0CD191
:104A3000FB681B685B69DA43BB6813409BB2002BC1
:104A400014BF01230023DBB20BE0FB681B689B69EA
:104A5000DA43BB6813409BB2002B14BF0123002331
:104A6000DBB2002B16D0FB6800221A63FB68202201
:104A700083F83D20FB68002283F83E20FB681B6C16
:104A800043F02002FB681A64FB68002283F83C2094
:104A9000012321E0BB681B0CDBB2012B0CD1FB68AE
:104AA0001B685B69DA43BB6813409BB2002B14BFE1
:104AB00001230023DBB20BE0FB681B689B69DA4330
:104AC000BB6813409BB2002B14BF01230023DBB251
:104AD000002B7FF46DAF002318461037BD4680BD14
:104AE00080B584B000AFF860B9607A6034E0F868EF
:104AF00000F0E3F80346002B01D0012334E0BB684B
:104B0000B3F1FF3F28D0FEF7BDFC02467B68D31A05
:104B1000BA689A4202D3BB68002B1DD1FB681B68A0
:104B20005B6903F08003802B16D0FB6800221A63B8
:104B3000FB68202283F83D20FB68002283F83E209A
:104B4000FB681B6C43F02002FB681A64FB680022C0
:104B500083F83C20012307E0FB681B685B6903F0D6
:104B60008003802BC3D1002318461037BD4680BD7B
:104B700080B584B000AFF860B9607A6034E0F8685E
:104B800000F09BF80346002B01D0012334E0BB6802
:104B9000B3F1FF3F28D0FEF775FC02467B68D31ABD
:104BA000BA689A4202D3BB68002B1DD1FB681B6810
:104BB0005B6903F00403042B16D0FB6800221A6320
:104BC000FB68202283F83D20FB68002283F83E200A
:104BD000FB681B6C43F02002FB681A64FB68002230
:104BE00083F83C20012307E0FB681B685B6903F046
:104BF0000403042BC3D1002318461037BD4680BDE3
:104C000080B584B000AFF860B9607A6049E0FB68B5
:104C10001B685B6903F01003102B19D1FB681B683C
:104C20006FF010025A61FB6800221A63FB682022B1
:104C300083F83D20FB68002283F83E20FB681A6C55
:104C4000FB681A64FB68002283F83C20012330E0F3
:104C5000FEF718FC02467B68D31ABA689A4202D360
:104C6000BB68002B1DD1FB681B685B6903F0400328
:104C7000402B16D0FB6800221A63FB68202283F8C1
:104C80003D20FB68002283F83E20FB681B6C43F04C
:104C90002002FB681A64FB68002283F83C20012391
:104CA00007E0FB681B685B6903F04003402BAED153
:104CB000002318461037BD4680BD80B483B000AFD6
:104CC00078607B681B685B6903F48063B3F5806F71
:104CD0001BD17B681B686FF480625A617B6800227D
:104CE0001A637B68202283F83D207B68002283F8CA
:104CF0003E207B681B6C43F004027B681A647B686F
:104D0000002283F83C20012300E0002318460C37E2
:104D1000BD465DF8047B704780B586B000AF786013
:104D20007B68002B01D1012367E27B681B6803F0DD
:104D30000103002B75D0884B9B6803F00C03042BF8
:104D40000CD0854B9B6803F00C03082B12D1824BCF
:104D50005B6803F48003B3F5800F0BD17E4B1B68B7
:104D600003F40033002B5BD07B685B68002B57D1CA
:104D7000012342E27B685B68B3F5803F06D1764B46
:104D80001B68754A43F4803313601DE07B685B68E1
:104D9000B3F5A02F0CD1704B1B686F4A43F48023EE
:104DA00013606D4B1B686C4A43F4803313600BE057
:104DB000694B1B68684A23F480331360664B1B6899
:104DC000654A23F4802313607B685B68002B13D053
:104DD000FEF758FB386108E0FEF754FB02463B69DA
:104DE000D31A642B01D9032307E25B4B1B6803F43E
:104DF0000033002BF0D014E0FEF744FB386108E0EC
:104E0000FEF740FB02463B69D31A642B01D903230A
:104E1000F3E1514B1B6803F40033002BF0D100E0A9
:104E200000BF7B681B6803F00203002B63D04A4B72
:104E30009B6803F00C03002B0BD0474B9B6803F0DF
:104E40000C03082B1CD1444B5B6803F48003002B3C
:104E500016D1414B1B6803F00203002B05D07B6881
:104E6000DB68012B01D00123C7E13B4B1B6823F01A
:104E7000F8027B681B69DB00374913430B603AE09B
:104E80007B68DB68002B20D0344B01221A60FEF7D0
:104E9000F9FA386108E0FEF7F5FA02463B69D31AE1
:104EA000022B01D90323A8E12B4B1B6803F002035B
:104EB000002BF0D0284B1B6823F0F8027B681B699D
:104EC000DB00254913430B6015E0244B00221A60D8
:104ED000FEF7D8FA386108E0FEF7D4FA02463B69DB
:104EE000D31A022B01D9032387E11B4B1B6803F064
:104EF0000203002BF0D17B681B6803F00803002B32
:104F000036D07B685B69002B16D0154B01221A60E6
:104F1000FEF7B8FA386108E0FEF7B4FA02463B69DA
:104F2000D31A022B01D9032367E10B4B5B6F03F00C
:104F30000203002BF0D01BE0094B00221A60FEF7A1
:104F4000A1FA38610EE0FEF79DFA02463B69D31ADA
:104F5000022B07D9032350E10038024000004742EA
:104F6000800E4742884B5B6F03F00203002BEAD1AF
:104F70007B681B6803F00403002B00F0978000237C
:104F8000FB75814B1B6C03F08053002B0FD100236A
:104F9000BB607D4B1B6C7C4A43F0805313647A4B9F
:104FA0001B6C03F08053BB60BB680123FB75774B20
:104FB0001B6803F48073002B18D1744B1B68734A71
:104FC00043F480731360FEF75DFA386108E0FEF782
:104FD00059FA02463B69D31A022B01D903230CE18B
:104FE0006A4B1B6803F48073002BF0D07B689B68CE
:104FF000012B06D1644B1B6F634A43F00103136717
:105000001CE07B689B68052B0CD15F4B1B6F5E4AD5
:1050100043F0040313675C4B1B6F5B4A43F00103CF
:1050200013670BE0584B1B6F574A23F001031367BC
:10503000554B1B6F544A23F0040313677B689B682E
:10504000002B15D0FEF71EFA38610AE0FEF71AFAB7
:1050500002463B69D31A41F28832934201D90323B5
:10506000CBE0494B1B6F03F00203002BEED014E0A2
:10507000FEF708FA38610AE0FEF704FA02463B69D7
:10508000D31A41F28832934201D90323B5E03E4B53
:105090001B6F03F00203002BEED1FB7D012B05D12A
:1050A000394B1B6C384A23F0805313647B689B692F
:1050B000002B00F0A180344B9B6803F00C03082BFD
:1050C0005CD07B689B69022B41D1314B00221A6076
:1050D000FEF7D8F9386108E0FEF7D4F902463B69DB
:1050E000D31A022B01D9032387E0274B1B6803F057
:1050F0000073002BF0D17B68DA697B681B6A1A4366
:105100007B685B6A9B011A437B689B6A5B08013B77
:105110001B041A437B68DB6A1B061B4913434B6065
:105120001B4B01221A60FEF7ADF9386108E0FEF76B
:10513000A9F902463B69D31A022B01D903235CE08B
:10514000114B1B6803F00073002BF0D054E0104BA0
:1051500000221A60FEF796F9386108E0FEF792F92E
:1051600002463B69D31A022B01D9032345E0064BC3
:105170001B6803F00073002BF0D13DE07B689B6956
:10518000012B07D1012338E00038024000700040B5
:10519000600047421B4B5B68FB607B689B69012B8F
:1051A00028D0FB6803F480027B68DB699A4221D136
:1051B000FB6803F03F027B681B6A9A421AD1FA68C7
:1051C00047F6C07313407A68526A9201934211D134
:1051D000FB6803F440327B689B6A5B08013B1B045D
:1051E0009A4207D1FB6803F070627B68DB6A1B069A
:1051F0009A4201D0012300E0002318461837BD462B
:1052000080BD00BF0038024080B584B000AF786038
:1052100039607B68002B01D10123CCE0684B1B680F
:1052200003F007033A689A420CD9654B3A68D2B248
:105230001A70634B1B6803F007033A689A4201D067
:105240000123B8E07B681B6803F00203002B20D029
:105250007B681B6803F00403002B05D0594B9B6847
:10526000584A43F4E05393607B681B6803F00803DB
:10527000002B05D0534B9B68524A43F46043936024
:10528000504B9B6823F0F0027B689B684D491343A9
:105290008B607B681B6803F00103002B44D07B68A4
:1052A0005B68012B07D1474B1B6803F40033002BCD
:1052B00019D101237FE07B685B68022B03D07B68F8
:1052C0005B68032B07D13F4B1B6803F00073002B77
:1052D00009D101236FE03B4B1B6803F00203002B55
:1052E00001D1012367E0374B9B6823F003027B6801
:1052F0005B68344913438B60FEF7C4F8F8600AE03A
:10530000FEF7C0F80246FB68D31A41F28832934296
:1053100001D903234FE02B4B9B6803F00C027B6801
:105320005B689B009A42EBD1254B1B6803F0070397
:105330003A689A420CD2224B3A68D2B21A70204B89
:105340001B6803F007033A689A4201D0012332E058
:105350007B681B6803F00403002B08D0194B9B6883
:1053600023F4E0527B68DB68164913438B607B684B
:105370001B6803F00803002B09D0124B9B6823F431
:1053800060427B681B69DB000E4913438B6000F0B1
:1053900021F802460B4B9B681B0903F00F030A49D7
:1053A000CB5C22FA03F3094A1360094B1B681846C9
:1053B000FEF724F8002318461037BD4680BD00BF15
:1053C000003C02400038024098960008000000208F
:1053D000040000202DE9B04F90B000AF00237B63A4
:1053E0000023FB6300233B630023BB63584B9B6894
:1053F00003F00C03082B0DD0082B00F2A080002B2B
:1054000002D0042B03D09AE0524BBB639AE0524B7C
:10541000BB6397E04E4B5B6803F03F037B634C4BF1
:105420005B6803F48003002B27D0494B5B689B0922
:1054300000223B627A623B6AC3F308000021464BBC
:1054400003FB01F2002300FB03F31344424AA0FBD9
:105450000221F962BA62FA6A1344FB627B6B002292
:10546000BB61FA61D7E90623D7E90A01FBF7F4FB30
:1054700002460B461346FB6353E0354B5B689B09C2
:1054800000223B617A613B69C3F3080A4FF0000BCD
:1054900052465B464FF000004FF00001590141EACF
:1054A000D261500102460B46B2EB0A0863EB0B09CE
:1054B0004FF000024FF000034FEA891343EA98636C
:1054C0004FEA8812B2EB080463EB09054FF00002C3
:1054D0004FF00003EB0043EA5473E20014461D460C
:1054E00014EB0A033B6045EB0B037B604FF00002BB
:1054F0004FF00003D7E9004529468B02214643EAD5
:10550000915321468A02104619467B6B0022BB60EC
:10551000FA60D7E90223FBF79FFB02460B461346CE
:10552000FB630B4B5B681B0C03F0030301335B0055
:105530003B63FA6B3B6BB2FBF3F3BB6302E0054BDF
:10554000BB6300BFBB6B18464037BD46BDE8B08F9C
:10555000003802400024F40040787D0180B400AFA0
:10556000034B1B681846BD465DF8047B704700BFBF
:105570000000002080B500AFFFF7F0FF0246054BAA
:105580009B689B0A03F007030349CB5C22FA03F3F1
:10559000184680BD00380240A896000880B500AFCC
:1055A000FFF7DCFF0246054B9B685B0B03F007032C
:1055B0000349CB5C22FA03F3184680BD0038024051
:1055C000A896000880B582B000AF78607B68002B99
:1055D00001D101237BE07B685B6A002B08D17B68EB
:1055E0005B68B3F5827F09D07B680022DA6105E051
:1055F0007B6800221A617B6800225A617B68002266
:105600009A627B6893F85130DBB2002B06D17B683D
:10561000002283F850207868FDF7B4FC7B680222F2
:1056200083F851207B681B681A687B681B6822F02E
:1056300040021A607B685B6803F482727B689B6837
:1056400003F404431A437B68DB6803F400631A43E2
:105650007B681B6903F002031A437B685B6903F0F4
:1056600001031A437B689B6903F400731A437B6848
:10567000DB6903F038031A437B681B6A03F080037D
:1056800042EA03017B689B6A03F400527B681B6853
:105690000A431A607B689B691B0C03F004017B685A
:1056A0005B6A03F010027B681B680A435A607B68E0
:1056B0001B68DA697B681B6822F40062DA617B6828
:1056C00000225A657B68012283F851200023184686
:1056D0000837BD4680BD80B588B000AFF860B960BE
:1056E0003B601346FB80FDF7CDFEF861FB887B83B2
:1056F000FB6893F85130DBB2012B01D002232AE181
:10570000BB68002B02D0FB88002B01D1012322E1D2
:10571000FB6893F85030012B01D102231BE1FB6899
:10572000012283F85020FB68032283F85120FB6894
:1057300000225A65FB68BA681A63FB68FA889A8681
:10574000FB68FA88DA86FB6800229A63FB6800220D
:105750009A87FB680022DA87FB6800225A64FB689C
:1057600000221A64FB689B68B3F5004F0FD1FB68F9
:105770001B681A68FB681B6822F040021A60FB680D
:105780001B681A68FB681B6842F480421A60FB6859
:105790001B681B6803F04003402B07D0FB681B68A5
:1057A0001A68FB681B6842F040021A60FB68DB68FD
:1057B000B3F5006F52D1FB685B68002B02D07B8B86
:1057C000012B45D1FB681B6B1A88FB681B68DA60EC
:1057D000FB681B6B9A1CFB681A63FB68DB8E9BB231
:1057E000013B9AB2FB68DA8632E0FB681B689B6873
:1057F00003F00203022B12D1FB681B6B1A88FB68B3
:105800001B68DA60FB681B6B9A1CFB681A63FB68F9
:10581000DB8E9BB2013B9AB2FB68DA8618E0FDF79B
:1058200031FE0246FB69D31A3A689A4203D83B68B4
:10583000B3F1FF3F02D13B68002B09D1FB68012285
:1058400083F85120FB68002283F85020032382E074
:10585000FB68DB8E9BB2002BC7D153E0FB685B6813
:10586000002B02D07B8B012B47D1FB681A6BFB68A6
:105870001B680C3312781A70FB681B6B5A1CFB6890
:105880001A63FB68DB8E9BB2013B9AB2FB68DA8637
:1058900033E0FB681B689B6803F00203022B13D103
:1058A000FB681A6BFB681B680C3312781A70FB6874
:1058B0001B6B5A1CFB681A63FB68DB8E9BB2013BB7
:1058C0009AB2FB68DA8618E0FDF7DCFD0246FB6958
:1058D000D31A3A689A4203D83B68B3F1FF3F02D12A
:1058E0003B68002B09D1FB68012283F85120FB683B
:1058F000002283F8502003232DE0FB68DB8E9BB24F
:10590000002BC6D1FA693968F86800F067FA0346D7
:10591000002B02D0FB6820225A65FB689B68002B95
:105920000AD100237B61FB681B68DB687B61FB6835
:105930001B689B687B617B69FB68012283F85120AF
:10594000FB68002283F85020FB685B6D002B01D0C0
:10595000012300E0002318462037BD4680BD80B5F6
:105960008AB000AFF860B9607A607B8001237B6207
:10597000FDF788FD3862FB6893F85130FB77FB68D0
:105980005B68BB617B88FB82FB7F012B0CD0BB6912
:10599000B3F5827F06D1FB689B68002B02D1FB7FA9
:1059A000042B01D002237FE1BB68002B05D07B686C
:1059B000002B02D07B88002B01D1012374E1FB680E
:1059C00093F85030012B01D102236DE1FB680122D5
:1059D00083F85020FB6893F85130DBB2042B03D0DE
:1059E000FB68052283F85120FB6800225A65FB689A
:1059F0007A689A63FB687A88DA87FB687A889A877C
:105A0000FB68BA681A63FB687A88DA86FB687A886A
:105A10009A86FB6800221A64FB6800225A64FB68BD
:105A20001B681B6803F04003402B07D0FB681B6812
:105A30001A68FB681B6842F040021A60FB68DB686A
:105A4000B3F5006F7ED1FB685B68002B02D0FB8A48
:105A5000012B6CD1FB681B6B1A88FB681B68DA6032
:105A6000FB681B6B9A1CFB681A63FB68DB8E9BB29E
:105A7000013B9AB2FB68DA8659E0FB681B689B68B9
:105A800003F00203022B1BD1FB68DB8E9BB2002BC1
:105A900016D07B6A012B13D1FB681B6B1A88FB683D
:105AA0001B68DA60FB681B6B9A1CFB681A63FB6857
:105AB000DB8E9BB2013B9AB2FB68DA8600237B62E5
:105AC000FB681B689B6803F00103012B19D1FB687D
:105AD000DB8F9BB2002B14D0FB681B68DA68FB6875
:105AE0009B6B92B21A80FB689B6B9A1CFB689A6353
:105AF000FB68DB8F9BB2013B9AB2FB68DA8701231C
:105B00007B62FDF7BFFC02463B6AD31A3A6B9A42AE
:105B10000DD83B6BB3F1FF3F09D0FB68012283F83E
:105B20005120FB68002283F850200323BCE0FB686F
:105B3000DB8E9BB2002BA0D1FB68DB8F9BB2002BCE
:105B40009BD182E0FB685B68002B02D0FB8A012BB3
:105B500071D1FB681A6BFB681B680C3312781A70E2
:105B6000FB681B6B5A1CFB681A63FB68DB8E9BB2DD
:105B7000013B9AB2FB68DA865DE0FB681B689B68B4
:105B800003F00203022B1CD1FB68DB8E9BB2002BBF
:105B900017D07B6A012B14D1FB681A6BFB681B685A
:105BA0000C3312781A70FB681B6B5A1CFB681A6363
:105BB000FB68DB8E9BB2013B9AB2FB68DA8600235E
:105BC0007B62FB681B689B6803F00103012B19D102
:105BD000FB68DB8F9BB2002B14D0FB681B68DA6874
:105BE000FB689B6BD2B21A70FB689B6B5A1CFB68FC
:105BF0009A63FB68DB8F9BB2013B9AB2FB68DA8742
:105C000001237B62FDF73EFC02463B6AD31A3A6BE6
:105C10009A4203D83B6BB3F1FF3F02D13B6B002BA1
:105C200009D1FB68012283F85120FB68002283F828
:105C30005020032338E0FB68DB8E9BB2002B9CD105
:105C4000FB68DB8F9BB2002B97D13A6A396BF868FF
:105C500000F0C4F80346002B08D0FB6820225A65E8
:105C6000FB68002283F8502001231DE0FB689B683D
:105C7000002B0AD100233B61FB681B68DB683B619A
:105C8000FB681B689B683B613B69FB68012283F8EA
:105C90005120FB68002283F85020FB685B6D002BCD
:105CA00001D0012300E0002318462837BD4680BDFF
:105CB00080B483B000AF78607B6893F85130DBB27A
:105CC00018460C37BD465DF8047B704780B588B038
:105CD00000AFF860B9603B601346FB71FDF7D2FB83
:105CE0000246BB6A9B1A3A681344FB61FDF7CAFB84
:105CF000B861394B1B685B011B0DFA6902FB03F3AA
:105D00007B6155E03B68B3F1FF3F51D0FDF7BAFB33
:105D10000246BB69D31AFA699A4202D9FB69002B81
:105D20003DD1FB681B685A68FB681B6822F0E002E3
:105D30005A60FB685B68B3F5827F11D1FB689B6892
:105D4000B3F5004F04D0FB689B68B3F5806F07D1B3
:105D5000FB681B681A68FB681B6822F040021A6027
:105D6000FB689B6AB3F5005F0FD1FB681B681A687C
:105D7000FB681B6822F400521A60FB681B681A68F3
:105D8000FB681B6842F400521A60FB68012283F82A
:105D90005120FB68002283F85020032318E07B6920
:105DA000002B02D10023FB6102E07B69013B7B6198
:105DB000FB681B689A68BB681340BA689A420CBFBC
:105DC00001230023DBB21A46FB799A429AD10023C1
:105DD00018462037BD4680BD0000002080B588B041
:105DE00002AFF860B9607A607B680093BB680122FB
:105DF0000221F868FFF76AFF0346002B07D0FB6813
:105E00005B6D43F02002FB685A65032332E01B4BB5
:105E10001B681B4AA2FB03235B0D4FF47A7202FB43
:105E200003F37B61FB685B68B3F5827F12D17B680B
:105E30000093BB6800228021F868FFF747FF034604
:105E4000002B16D0FB685B6D43F02002FB685A659F
:105E500003230FE07B69002B0AD07B69013B7B6148
:105E6000FB681B689B6803F08003802BF2D000E086
:105E700000BF002318461837BD4680BD0000002033
:105E8000819F5E1680B582B000AF78607B68002B82
:105E900001D1012342E07B6893F84130DBB2002B53
:105EA00006D17B68002283F840207868FDF712FA5B
:105EB0007B68242283F841207B681B68DA687B6852
:105EC0001B6822F40052DA60786800F073F97B688E
:105ED0001B681A697B681B6822F490421A617B6810
:105EE0001B685A697B681B6822F02A025A617B682A
:105EF0001B68DA687B681B6842F40052DA607B68D2
:105F000000225A647B68202283F841207B6820228B
:105F100083F842207B6800225A6300231846083722
:105F2000BD4680BD80B58AB002AFF860B9603B6005
:105F30001346FB8000237B61FB6893F84130DBB2A2
:105F4000202B75D1BB68002B02D0FB88002B01D120
:105F500001236EE0FB6800225A64FB68212283F86B
:105F60004120FDF78FFA7861FB68FA889A84FB6814
:105F7000FA88DA84FB689B68B3F5805F08D1FB6818
:105F80001B69002B04D10023FB61BB68BB6103E0EC
:105F9000BB68FB610023BB612EE03B6800937B691B
:105FA00000228021F86800F048F80346002B05D055
:105FB000FB68202283F8412003233AE0FB69002B91
:105FC0000BD1BB691B881A46FB681B68C2F3080229
:105FD0005A60BB690233BB6107E0FB691A78FB6852
:105FE0001B685A60FB690133FB61FB68DB8C9BB269
:105FF000013B9AB2FB68DA84FB68DB8C9BB2002B16
:10600000CBD13B6800937B6900224021F86800F007
:1060100014F80346002B05D0FB68202283F84120AA
:10602000032306E0FB68202283F84120002300E0E0
:10603000022318462037BD4680BD80B586B000AF2C
:10604000F860B9603B601346FB713BE03B6AB3F11B
:10605000FF3F37D0FDF716FA02463B68D31A3A6A7B
:106060009A4202D33B6A002B01D103233AE0FB683A
:106070001B68DB6803F00403002B23D0BB68802B74
:1060800020D0BB68402B1DD0FB681B681B6803F049
:106090000803082B16D100237B61FB681B681B6873
:1060A0007B61FB681B685B687B617B69F86800F05B
:1060B0001DF8FB6808225A64FB68002283F8402020
:1060C00001230FE0FB681B681A68BB681340BA68BD
:1060D0009A420CBF01230023DBB21A46FB799A4295
:1060E000B4D0002318461837BD4680BD80B495B0A3
:1060F00000AF78607B681B680C337B637B6B53E875
:10610000003F3B633B6B23F49073FB647B681B682D
:106110000C33FA6C3A64FB63F96B3A6C41E8002388
:10612000BB63BB6B002BE5D17B681B6814333B6200
:106130003B6A53E8003FFB61FB6923F00103BB644A
:106140007B681B681433BA6CFA62BB62B96AFA6A7C
:1061500041E800237B627B6A002BE5D17B681B6BE7
:10616000012B19D17B681B680C33FB60FB6853E87B
:10617000003FBB60BB6823F010037B647B681B6837
:106180000C337A6CBA617B617969BA6941E80023A2
:106190003B613B69002BE5D17B68202283F84220DC
:1061A0007B6800221A6300BF5437BD465DF8047B4C
:1061B000704700002DE9B04FC0B000AFC7F8F40041
:1061C000D7F8F4301B681B6923F44050D7F8F4303B
:1061D000D968D7F8F4301A6840EA01031361D7F898
:1061E000F4309A68D7F8F4301B691A43D7F8F430C2
:1061F0005B691A43D7F8F430DB691343C7F8F8300A
:10620000D7F8F4301B68DB6823F4164121F00C0149
:10621000D7F8F4301A68D7F8F8300B43D360D7F8C2
:10622000F4301B685B6923F44070D7F8F430996947
:10623000D7F8F4301A6840EA01035361D7F8F43014
:106240001A688F4B9A4205D0D7F8F4301A688D4BF4
:106250009A4204D1FFF7A2F9C7F8FC0003E0FFF768
:1062600089F9C7F8FC00D7F8F430DB69B3F5004FC3
:1062700040F00C81D7F8FC300022C7F8E830C7F8AE
:10628000EC20D7E93A4522462B469118B9655B4187
:10629000FB65D7E91623214612EB0108294643EB9B
:1062A00001094FF000024FF000034FEAC90343EA2F
:1062B00058734FEAC80290469946234618EB0303E9
:1062C000C7F8E0302B4649EB0303C7F8E430D7F8B2
:1062D000F4305B680022C7F8D830C7F8DC20D7E973
:1062E00036120B46DB183B65134642EB03037B6516
:1062F000D7E91423D7E93801FAF7AEFC02460B467A
:10630000614BA3FB02235B091C01D7F8FC30002280
:10631000C7F8D030C7F8D420D7E9348942464B4675
:106320009118B9645B41FB64D7E91223414612EB33
:10633000010A494643EB010B4FF000024FF0000306
:106340004FEACB0343EA5A734FEACA0292469B468E
:1063500043461AEB0303C7F8C8304B464BEB030325
:10636000C7F8CC30D7F8F4305B680022C7F8C030EB
:10637000C7F8C420D7E930120B46DB183B6413463C
:1063800042EB03037B64D7E91023D7E93201FAF724
:1063900063FC02460B4611463B4BA3FB01235B0902
:1063A000642202FB03F3CB1ADB0003F13202364B0B
:1063B000A3FB02235B095B0003F4F8731C44D7F8CA
:1063C000FC300022C7F8B830C7F8BC20D7E92E89C6
:1063D00042464B469118B9635B41FB63D7E90E23F4
:1063E00041465118396349464B417B634FF00002E7
:1063F0004FF00003D7E90CAB5946CB00514643EAB6
:1064000051735146CA0010461946034642469B182E
:10641000C7F8B0304B460A4642EB0303C7F8B43026
:10642000D7F8F4305B680022C7F8A830C7F8AC2072
:10643000D7E92A120B46DB18BB62134642EB030373
:10644000FB62D7E90A23D7E92C01FAF705FC0246DB
:106450000B460D4BA3FB02135B09642101FB03F305
:10646000D31ADB003233084AA2FB03235B0903F093
:106470000702D7F8F4301B6822449A6006E100BF97
:1064800000100140001401401F85EB51D7F8FC308B
:106490000022C7F8A030C7F8A420D7E928894246CF
:1064A0004B46911839625B417B62D7E9082341462C
:1064B0005418494643EB01054FF000024FF000032A
:1064C000EB0043EA5473E20014461D464346E318CA
:1064D000C7F898304B4645EB0303C7F89C30D7F814
:1064E000F4305B680022C7F89030C7F894204FF072
:1064F00000024FF00003D7E9244529468B002146CE
:1065000043EA917321468A00D7E92601FAF7A4FBF2
:1065100002460B46604BA3FB02235B091C01D7F824
:10652000FC300022C7F88830C7F88C20D7E92289D0
:1065300042464B469118B9615B41FB61D7E906239E
:1065400041465118396149464B417B614FF0000289
:106550004FF00003D7E904AB5946CB00514643EA5C
:1065600051735146CA0010461946034642469B18CD
:10657000C7F880304B460A4642EB0303C7F8843025
:10658000D7F8F4305B680022BB67FA674FF000026F
:106590004FF00003D7E91E8949468B00414643EA84
:1065A000917341468A00D7E92001FAF755FB02466C
:1065B0000B461146384BA3FB01235B09642202FB07
:1065C00003F3CB1A1B013233334AA2FB03235B09CB
:1065D00003F0F0031C44D7F8FC3000223B677A67D5
:1065E000D7E91C8942464B469118B9605B41FB6074
:1065F000D7E9022341465118396049464B417B6037
:106600004FF000024FF00003D7E900AB5946CB0032
:10661000514643EA51735146CA0010461946034693
:1066200042469B18BB664B460A4642EB0303FB6699
:10663000D7F8F4305B6800223B667A664FF00002C0
:106640004FF00003D7E9188949468B00414643EAD9
:10665000917341468A00D7E91A01FAF7FDFA02461A
:106660000B460D4BA3FB02135B09642101FB03F3F3
:10667000D31A1B013233084AA2FB03235B0903F040
:106680000F02D7F8F4301B6822449A6000BF07F568
:106690008077BD46BDE8B08F1F85EB512DE9FF47E0
:1066A00057EC106B002F0C4619463B46BBBF07F159
:1066B00000431F4600232D230B700D9BDDF830A0F7
:1066C000914623F02008BCBF32461646B8F1460F6B
:1066D00005D0B8F1450F00D10134022100E00321BB
:1066E00003AB019302AB009347EC106B5346224679
:1066F00000F0C2FEB8F1470F054619D119F0010F9D
:106700000ED000EB04090022002330463946FAF788
:10671000E3F908B1CDF80C903022039B4B451ED312
:10672000039B0E9A5B1B2846136004B0BDE8F087FC
:10673000B8F1460F00EB0409E5D10378302B0AD1FC
:106740000022002330463946FAF7C6F918B9C4F1D9
:106750000104CAF80040DAF800309944D3E7591C24
:1067600003911A70D9E7F7B50029BABF49422D2322
:106770002B2309290270437029DD0DF107042546FA
:106780000A272246B1FBF7F607FB1613303302F84F
:10679000013C0B46632B04F1FF343146F1DC303110
:1067A000931E04F8011C411C1C46AB420AD30DF198
:1067B00009039B1AA54238BF0023821C1344181AF0
:1067C00003B0F0BD13F8016B01F8016FEDE7302362
:1067D00030318370C170031DF1E700002DE9F04FE7
:1067E0008DB00C46DDF8588016461F46054600F071
:1067F00033FD036806931846F9F742FD00230A9318
:10680000D8F8003094F818A0D4F800B007900733F7
:1068100023F00703B3EC027B8DED047BC8F8003056
:10682000DDE9048323F0004984ED127B9C4B4FF09B
:10683000FF3240464946FAF781F970BB984B4FF05A
:10684000FF3240464946FAF75BF930BBDDE9040107
:1068500000220023FAF74AF910B12D2384F84330BF
:10686000904A914BBAF1470F8CBF9046984603234C
:1068700023612BF0040323604FF000090097334697
:106880000BAA2146284600F0D1F9013040F08C8057
:106890004FF0FF300DB0BDE8F08FDDE90423104666
:1068A0001946FAF74BF940B1059B804A002BBCBF53
:1068B0002D2384F843307E4BD4E763685A1C0AF0DA
:1068C000DF093BD1062363604BF480620023226022
:1068D00003930AABCDE901A309AB009361689DED79
:1068E000040B0DF123032846FFF7D8FEB9F1470F3B
:1068F0000999804629D1C81C02DB63688B4241DAC2
:10690000AAF1020A5FFA8AFA0139524604F15000EC
:106910000991FFF728FF0A9A1318012A814623617B
:1069200002DC2268D20701D5013323619DF82330B0
:10693000002BA3D02D2384F843309FE7B9F1470FF4
:10694000C2D1002BC0D10123BDE7BAF1650FDBD95D
:10695000BAF1660F18D1002963680BDD216113B904
:106960002268D00702D501330B442361A1654FF0A3
:106970000009DBE713B92268D20701D50233F4E737
:106980000123F2E74FF0670A0A9B8B4205DC23687C
:106990002161D807EAD54B1CE7E70029D4BFC1F134
:1069A000020201221344E0E723685A0507D4236951
:1069B000424631462846B84701302BD168E7BAF144
:1069C000650F40F2DD80D4E9120100220023FAF7BE
:1069D00083F8002833D0374A012331462846B84788
:1069E00001303FF455AFDDE90938434502DB236848
:1069F000D8070FD5DDE9062331462846B8470130D0
:106A00003FF446AF4FF0000908F1FF3804F11A0ACD
:106A1000C84509DC23689B0700F10381E0680B9BF4
:106A20009842B8BF184635E70123524631462846FA
:106A3000B84701303FF42CAF09F10109E8E7099BA1
:106A4000002B39DC1B4A012331462846B847013068
:106A50003FF41EAFDDE9093959EA030302D1236887
:106A6000D907D7D5DDE9062331462846B847013096
:106A70003FF40EAF4FF0000A04F11A0B099B5B4282
:106A8000534501DC4B4693E701235A4631462846DD
:106A9000B84701303FF4FCAE0AF1010AEEE700BF4F
:106AA000FFFFEF7FB4960008B0960008BC96000880
:106AB000B8960008C0960008A36DDDF828A05345DD
:106AC000A8BF5346002B994636DC4FF0000B29EA4D
:106AD000E97904F11A02A36D0493A3EB09035B4562
:106AE00031DC099B9A453ADC2368DA0737D4099BE5
:106AF000AAEB0309049BAAEB03039945A8BF994697
:106B0000B9F1000F33DC4FF0000829EAE97904F10C
:106B10001A0B099BAAEB0303A3EB090343457FF779
:106B200079AF01235A4631462846B84701303FF431
:106B3000AFAE08F10108ECE7424631462846B847B7
:106B40000130C2D1A4E60123314628460492B84759
:106B500001303FF49DAE049A0BF1010BBBE7DDE978
:106B6000062331462846B8470130C0D190E6049A42
:106B70004B46424431462846B8470130C3D187E6E8
:106B8000DDF828A0BAF1010F01DCDB0736D50123BF
:106B9000424631462846B84701303FF479AEDDE938
:106BA000062331462846B84701303FF471AED4E998
:106BB0001201002200230AF1FF3AF9F78DFFC0B954
:106BC000534608F1010231462846B84701300CD13E
:106BD0005EE601235A4631462846B84701303FF465
:106BE00057AE08F10108D045F3DB4B4604F15002E3
:106BF000DFE64FF0000804F11A0BF4E701234246E8
:106C0000E1E701234A4631462846B84701303FF4C0
:106C10003FAE08F10108E3680B995B1A4345F0DCCD
:106C2000FCE64FF0000804F11909F4E72DE9F047FC
:106C3000164698468A680B69DDF820909342B8BFE3
:106C40001346336091F8432007460C460AB10133DE
:106C500033602368990642BF336802333360256886
:106C600015F0060506D104F1190AE36832689B1A8B
:106C7000AB4226DC94F843302268003B18BF012366
:106C800092062BD404F1430241463846C8470130EE
:106C90001ED02368226903F00603042B02BFE568B7
:106CA0003368ED1AA3680CBF25EAE5750025934209
:106CB000C4BF9B1AED1800261A34B5421AD1002021
:106CC00008E00123524641463846C847013003D107
:106CD0004FF0FF30BDE8F0870135C6E7E1185A1CD8
:106CE000302081F84300224494F8451082F8431084
:106CF0000233C7E70123224641463846C8470130E0
:106D0000E6D00136D9E700002DE9F0430D7E85B0CD
:106D1000782D90460C9E07460C46994601F1430299
:106D200007D8622D0AD8002D00F0D780582D00F02A
:106D3000BC8004F1420684F842503BE0A5F16303B5
:106D4000152BF6D801A151F823F000BFA56D00085E
:106D5000B96D0008336D0008336D0008336D00080D
:106D6000336D0008B96D0008336D0008336D0008FD
:106D7000336D0008336D0008C16E0008E36D000834
:106D8000736E0008336D0008336D0008E36E000871
:106D9000336D0008E36D0008336D0008336D0008A3
:106DA0007B6E000833681A1D1B68326004F14206CE
:106DB00084F842300123A1E033682068191D316056
:106DC000060601D51D6803E04506FBD5B3F9005062
:106DD000002D03DA2D236D4284F843305B480A23EB
:106DE00011E021683368080653F8045B02D44906B1
:106DF00048BFADB23360237E54486F2B5CD108236B
:106E0000002184F843106668A660002E05DB216827
:106E10002E4321F00401216050D01646B5FBF3F15A
:106E200003FB115C10F80CC006F801CDAC466345BD
:106E30000D46F3D9082B0BD12368DB0708D523694E
:106E400061689942DEBF302306F8013C06F1FF3647
:106E5000921B2261CDF80090434603AA2146384692
:106E6000FFF7E4FE01304ED14FF0FF3005B0BDE832
:106E7000F083236843F0200323603548782584F8A5
:106E800045502368316813F0800F51F8045B03D13B
:106E900013F0400F18BFADB23160D90744BF43F0C3
:106EA000200323601DB11023AAE72848E7E72368E1
:106EB00023F020032360F6E70A23A1E71646B9E78B
:106EC000336825686169181D30602E061B6801D57E
:106ED000196002E06806FBD519800023236116467D
:106EE000B8E733681A1D32601E68626800213046B8
:106EF000F9F776F908B1801B6060636823610023AD
:106F000084F84330A6E72369324641463846C847ED
:106F10000130A9D023689B0713D4E068039B9842F3
:106F2000B8BF1846A2E70123324641463846C84753
:106F3000013099D00135E36803995B1AAB42F2DC6A
:106F4000EBE7002504F11906F5E700BFC29600083B
:106F5000D3960008002310B50446C0E90033C0E909
:106F60000433836081814366C281836119460822AC
:106F70005C3000F069F90D4B63620D4BA3620D4B61
:106F8000E3620D4B23630D4B24629C4206D003F158
:106F90006802944202D0D0339C4205D104F15800DB
:106FA000BDE8104000F0CCB910BD00BF4971000829
:106FB0006B710008A3710008C9710008F803002074
:106FC000024A0349034800F06BB800BF0C000020E0
:106FD000F58C00081C00002041680C4B994210B54C
:106FE000044601D001F086FEA168094B994202D007
:106FF000204601F07FFEE168064B994204D020460E
:10700000BDE8104001F076BE10BD00BFF8030020BF
:1070100060040020C80400200C4B0D4A0D4810B538
:1070200004211A600022FFF795FF0A4B01221C463B
:10703000092103F16800FFF78DFF04F1D00002225F
:10704000BDE810401221FFF785BF00BF30050020CA
:10705000C16F0008F8030020014800F072B900BFBA
:1070600039050020014800F06DB900BF3905002046
:1070700010B50446FFF7F0FF236A1BB1BDE81040CE
:10708000FFF7F0BF044B2362044B1B68002BF5D1C4
:10709000FFF7C2FFF2E700BFD96F000830050020FC
:1070A0002DE9F8430746884614460026D4E90195A1
:1070B000B9F1010905D52468002CF7D13046BDE8A7
:1070C000F883AB89012B07D9B5F90E30013303D012
:1070D00029463846C04706436835E9E70CB430B561
:1070E000184B0C1E1D689DB008DA8B232B604FF0E7
:1070F000FF301DB0BDE8304002B070474FF402735E
:10710000ADF814304FF000031B9314BF04F1FF33AC
:107110002346049307934FF6FF7302900690ADF851
:107120001630209A21AB02A92846019301F068FC91
:10713000431CBCBF8B232B60002CDAD0029B0022A7
:107140001A70D6E71800002010B50C46B1F90E10E1
:1071500000F0A8F80028ABBF636DA3891B1823F4C7
:107160008053ACBF6365A38110BD2DE9F0411F467C
:107170008B89DB0505460C46164605D5B1F90E1080
:107180000223002200F07CF8A389B4F90E1023F446
:107190008053A38132463B462846BDE8F04100F0CB
:1071A00093B810B50C46B1F90E1000F069F8B4F9B7
:1071B0000C30421C0BBF23F4805343F48053A38153
:1071C000A38118BF606510BDB1F90E1000F048B87A
:1071D00030B51446002C9BB005461A4605DA8B23C1
:1071E00003604FF0FF301BB030BD4FF40273ADF8B9
:1071F0000C304FF00003199314BF04F1FF33234602
:10720000029305934FF6FF7300910491ADF80E3091
:1072100069461E9B01F0F4FB431CBCBF8B232B6013
:10722000002CE0D0009B00221A70DCE707B5009329
:1072300013460A46014603480068FFF7C9FF03B03A
:1072400000BD00BF1800002002440346934200D155
:10725000704703F8011BF9E7004870475801002008
:1072600038B5064D0023044608462B60FBF78CFF1B
:10727000431C02D12B6803B1236038BD34050020C4
:1072800038B5074D04460846114600222A601A46C2
:10729000FBF7A1FF431C02D12B6803B1236038BD6B
:1072A0003405002038B5074D044608461146002233
:1072B0002A601A46FBF72FFF431C02D12B6803B14B
:1072C000236038BD3405002038B5074D0446084614
:1072D000114600222A601A46FBF73AFF431C02D1EE
:1072E0002B6803B1236038BD34050020014B1868BA
:1072F000704700BF1800002070B50D4B0D4D5B1B93
:107300009C100026A64209D102F07AF80A4D0B4BD8
:107310005B1B9C100026A64205D170BD55F8043BAE
:1073200098470136EEE755F8043B98470136F2E7F7
:107330002C9A00082C9A00082C9A0008309A000811
:107340007047704770470A44914200F1FF3300D103
:10735000704710B511F8014B03F8014F9142F9D174
:1073600010BD2DE9F74F03690C69A34207467EDB88
:10737000013C01F11408A30000F11405009305EB92
:107380008403019358F8243055F8242001339A429D
:1073900008EB8409B2FBF3F62ED34FF0000AC44683
:1073A000AE46D3465CF8043B98B206FB00A0020C44
:1073B0001B0C06FB0323DEF8002080B292B2121AE7
:1073C0005A44DEF800004FEA134A9BB2C3EB224353
:1073D00003EB104392B242EA0342E1454EF8042B1C
:1073E0004FEA234BDED2009BEB582BB9019B043BA9
:1073F0009D421A462FD33C61384601F095F900288A
:1074000025DB2946002058F8042BD1F800C01FFACC
:1074100082FE1FFA8CF3A3EB0E030344120CC2EBA3
:10742000234202EB1C429BB243EA0243C14541F8AE
:10743000043B4FEA2240E6D255F8242005EB8403B2
:1074400022B9043B9D421A460BD33C6101363046BB
:1074500003B0BDE8F08F1268043B002ACBD1013C99
:10746000C6E71268043B002AEFD1013CEAE700209E
:10747000EEE70000000000002DE9F04F99B08DED1F
:107480000E0B0C92C269229C0A9157EC106B81463C
:10749000139382B9102000F015FE0246C9F81C00B3
:1074A00020B9AB4BEF21AB4801F076FC0023C0E9DB
:1074B00001330360C360116859B152684A60012307
:1074C00093408B60484600F0F1FED9F81C30002252
:1074D0001A60B7F10008B5BF0123002323602360C1
:1074E0009D4BBCBF28F00048CDF83C8033EA080330
:1074F0001AD1139AC8F3130842F20F7358EA060818
:10750000136000F06885239B53B9944B21E0944BA2
:1075100000930833239A1360009819B0BDE8F08FE8
:107520008E4B00930333F5E79DED0E7B002251EC6B
:10753000170B00238DED067BF9F7CEFA824650B18A
:10754000139A01231360239B13B1239A854B136075
:10755000854B0093E0E79DED060B16AA17A9484658
:1075600001F096F95FEA1854169D019079D0079BB7
:10757000CDF850A0C3F31303DDE9060143F07F53B8
:1075800043F44013A4F2FF3419460022774BF8F776
:1075900083FE69A3D3E90023F9F736F868A3D3E99A
:1075A0000023F8F77BFE064620460F46F8F7C2FF99
:1075B00065A3D3E90023F9F727F802460B463046C6
:1075C0003946F8F76BFE06460F46F9F7CDFA00226A
:1075D0008046002330463946F9F788FA48B14046DC
:1075E000F8F7A8FF32463B46F9F776FA08B908F1F2
:1075F000FF38B8F1160F51D85D4B03EBC803D3E940
:107600000023DDE90601F9F771FA002848D008F1F6
:10761000FF38002312932D1B6B1E089343BF0023DA
:10762000C5F1010708930027B8F1000F3ADB089B6A
:10763000CDF8348043440893002309930A9B092B17
:1076400062D8052BC4BF043B0A930A9BA3F1020333
:10765000CCBF00240124032B62D8DFE803F0515390
:10766000362B179C2C4404F23243202BC1BFC3F1AC
:10767000400308FA03F804F2124326FA03F3D6BFD4
:10768000C3F1200348EA030006FA03F0F8F742FFCB
:107690000122A1F1F873013C149275E70123B9E7C7
:1076A0001290B8E7C8F1000309930023A7EB08077D
:1076B0000D93C3E701230B930C9B434405930133C4
:1076C000012B0493B8BF012306E001230B930C9B0D
:1076D000002B28DDCDE90433D9F81C000021042259
:1076E00002F114059D4223D94160484600F0A0FDF7
:1076F0000090002840D11F4B024640F2AF11D2E665
:107700000023E3E70023D6E701240023CDE90A3470
:107710004FF0FF33CDE90433002212230C92DBE754
:1077200001230B93F4E70123CDE904331A46F5E76F
:1077300001315200D4E700BF61436F63A787D23F96
:10774000B3C8608B288AC63FFB799F501344D33F50
:10775000F1960008089700080000F07FED960008F9
:10776000E4960008C1960008C09600080000F83FA3
:107770005898000860970008D9F81C30009A1A60E1
:10778000049B0E2B00F2A180002C00F09E80B8F12B
:10779000000F36DD9E4B08F00F0203EBC20318F416
:1077A000807FD3E900AB4FEA281516D0994BDDE96D
:1077B0000601D3E90823F9F751F8CDE9020105F0F4
:1077C0000F050324934E75B9DDE9020152465B466D
:1077D000F9F744F882468B462DE09DED067B0224A6
:1077E0008DED027BEEE7E90708D550465946D6E90C
:1077F0000023F8F709FF013482468B466D100836E6
:10780000E1E700F0AD80C8F10005814B814E05F045
:107810000F0203EBC203D3E90023DDE90601F8F709
:10782000F3FE2D1182468B4600230224002D40F0EA
:107830008C80002BCED1129B002B00F09580764BD4
:10784000002250465946F9F751F9002800F08C8083
:10785000049B002B00F08880059B002B35DD08F190
:10786000FF330293504659466C4B0022F8F7CCFE8A
:10787000059E82468B4601342046F8F75BFE524651
:107880005B46F8F7C1FE664B0022F8F707FD044699
:10789000A1F15075CDE91045002E69D1614B002250
:1078A00050465946F8F7F8FC22462B4682468B464E
:1078B000F9F73AF9002840F09482224605F1004396
:1078C00050465946F9F712F920BB179B002BC0F21E
:1078D0006081B8F10E0F00F35C814D4B03EBC803E0
:1078E000D3E900AB0C9B002B80F2EE80049B002BB5
:1078F00000F3EA800ED14B4B002250465946F8F770
:1079000083FE02460B46DDE90601F9F7F9F8002887
:1079100000F06A8200252C460C9B009EDB430293FC
:10792000274600242946484600F0C0FC002F00F0FE
:10793000C1802CB1BC4203D02146484600F0B6FCC1
:107940003946484600F0B2FCB4E0EA0705D5D6E96E
:107950000023F8F759FE013401236D10083665E75E
:10796000DDE906AB022466E7049ECDF8088083E7D4
:10797000274B03EBC60353E902010B9B002B55D0A9
:1079800002460B4600202849F8F768FFDDE910237E
:10799000F8F782FC009BCDE910019D191E4659465F
:1079A0005046F9F7E1F80446F8F7C4FD02460B46E5
:1079B00050465946F8F770FC3034DDE9102306F8DC
:1079C000014B82468B46F9F791F8002872D1524656
:1079D0005B4611490020F8F75FFCDDE91023F9F759
:1079E00085F8002840F0B680AE423FF46EAFDDE986
:1079F00010010A4B0022F8F707FE084BCDE91001F1
:107A0000002250465946F8F7FFFD82468B46C6E7EE
:107A100058980008309800080000F03F000024400B
:107A200000001C40000014400000E03FDDE910238E
:107A3000F8F7EAFD009B009DCDE910013344159352
:107A400059465046F9F790F80446F8F773FD30347C
:107A50000B46024659465046F8F71EFC05F8014B06
:107A6000159B9D4282468B4627D1009B0022DDE973
:107A700010011E44B34BF8F711FC02460B4650466A
:107A80005946F9F751F8002864D1DDE91023AD49D2
:107A90000020F8F701FC02460B4650465946F9F71C
:107AA00025F800283FF411AF334616F8012D302A8F
:107AB000FAD01E46DDF808803AE0A34B0022F8F722
:107AC000A3FD82468B46BBE7009E52465B46DDE93E
:107AD0000601F8F7C3FEF9F747F80746F8F72AFD5D
:107AE00052465B46F8F790FD02460B46DDE906017B
:107AF000F8F7D2FB07F1300C009C06F801CBA6EB9F
:107B0000040C049C644502460B4633D1F8F7C6FBCF
:107B100052465B4604460D46F9F706F8C0B9524690
:107B20005B4620462946F8F7D7FF08B1FB070FD47C
:107B30000199484600F0BAFB0023139A337008F10C
:107B400001031360239B002B3FF4E6AC1E60E3E4CB
:107B5000CDF8088033461E4613F8012D392A06D188
:107B6000009A9A42F7D1029A0132029230220132EF
:107B70001A709FE7744B0022F8F746FD02460B4649
:107B8000CDE9062300220023F8F7A6FF00289CD0A9
:107B9000CEE70B9A002A00F0E3800A9A012A00F34C
:107BA000C280149A002A00F0BA8003F23343099D80
:107BB0003E46089A01211A4448461F44089200F0A4
:107BC00029FC044656B1089B002B07DDB342089AF6
:107BD000A8BF3346FF1AF61AD31A0893099B0BB3B2
:107BE0000B9B002B00F0C380002D00F0BD802146D0
:107BF0002A46484600F0CEFC019A01460446484613
:107C000000F01EFC01998246484600F04FFB099B9C
:107C10005B1B099300F0AE80099A5146484600F07C
:107C2000B9FC01900121484600F0F4FB0D9B05468C
:107C3000002B00F0D7811A460146484600F0AAFC06
:107C40000A9B012B054600F39D800E9B002B40F004
:107C500094800F9BC3F31303002B40F08E800F9B87
:107C600023F000431B0D1B05002B00F08980089BAF
:107C70000133013708934FF0010A0D9B002B00F0F0
:107C8000B7812B6905EB8303186900F077FBC0F11E
:107C90002000089B184410F01F007ED0C0F1200384
:107CA000042B72DD089BC0F11C000344074406440A
:107CB0000893002F05DD01993A46484600F0C6FCBE
:107CC0000190089B002B05DD29461A46484600F026
:107CD000BDFC0546129B002B61D00198294600F09F
:107CE00023FD00285BDA08F1FF330293019900239A
:107CF0000A22484600F0FCFA0B9B0190002B00F092
:107D00007981002321460A22484600F0F1FA059BBA
:107D1000002B044672DC0A9B022B49DC6EE0169BAA
:107D2000C3F1360343E7049B5D1E099BAB420DDBA9
:107D30005D1B049B002BBFF63BAF049BFE1A002388
:107D400037E700BF0000E03F00002440099B0D9A88
:107D50000995EB1A1A440D92049B3E46002528E72C
:107D6000099D0B9C3E462DE7DDF804A054E7099AD7
:107D7000019953E7CDF804A054E74FF0000A7CE7DF
:107D80009A467AE74FF0000A7BE792D0089A1C33B4
:107D90001A441F441E4408928BE70346F6E7049BEF
:107DA000CDF80880002B23DC05930A9B022B21DDF4
:107DB000059B002B7FF4B0AD29460522484600F014
:107DC00097FA01460546019800F0AEFC00287FF7BF
:107DD000A3AD009E312306F8013B029B01330293C1
:107DE0009EE535462C46F4E7049DCDF80880F9E77A
:107DF000049B05930B9B002B00F00081002E05DDFA
:107E000021463246484600F021FC0446BAF1000FF4
:107E10005AD06168484600F00BFA064628B9824BF2
:107E2000024640F2EF21FFF73EBB22690232920088
:107E300004F10C010C30FFF786FA01223146484666
:107E400000F004FC0746009B009A03F1010B059B20
:107E5000134406930E9B03F0010308930BF1FF33C9
:107E6000294601980493FFF77CFA2146059000F11A
:107E7000300A019800F058FC3A46804629464846A8
:107E800000F06EFCC268064602BB0146019800F095
:107E90004BFC024631464846099200F007FADDE9FC
:107EA000092342EA0301089B19435E4610D1BAF147
:107EB000390F2BD0B8F1000F02DD059B03F1310A19
:107EC000049B83F800A02DE52746BCE70122E1E7EB
:107ED000B8F1000F06DB0A9B48EA0308089B58EA42
:107EE000030820D1002AEBDD01990122484600F069
:107EF000ADFB2946019000F017FC002803DCDFD120
:107F00001AF0010FDCD0BAF1390FD6D1049A392317
:107F1000137033461E46013B16F8012C392A52D005
:107F200001321A70FEE4002A07DDBAF1390FEDD0F4
:107F3000049A0AF101031370F4E4069B0BF801ACF8
:107F40005B452AD0019900230A22484600F0D0F967
:107F5000BC4201904FF000034FF00A022146484610
:107F600006D100F0C5F9044607460BF1010B75E791
:107F700000F0BEF93946044600230A22484600F0C4
:107F8000B7F90746F1E7059B5E1E002B009BD8BFA3
:107F900000265A1C2746164400240199012248460F
:107FA00000F054FB2946019000F0BEFB0028B0DC35
:107FB00002D11AF0010FACD133461E4613F8012D41
:107FC000302AFAD0AEE4009A9A42A3D1029B013340
:107FD00002933123AFE7239B002B7FF498AA134B26
:107FE000FFF7B7BA0A9B012B7FF72FAEDDF834A05D
:107FF00001204EE6059B002B7FF7D7AE009E01982F
:108000002946FFF7AEF900F1300A009B06F801ABF4
:10801000F21A059B9342B6DD019900230A224846D5
:1080200000F066F90190EAE760970008E49600081E
:1080300038B50546002941D051F8043C0C1F002BEF
:10804000B8BFE41800F0E8F81D4A136833B963605C
:1080500014602846BDE8384000F0E4B8A34208D9CF
:10806000206821188B4201BF19685B6809182160DC
:10807000EDE71A465B680BB1A342FAD911685018B4
:10808000A0420BD120680144501883421160E0D116
:1080900018685B68536008441060DAE702D90C2363
:1080A0002B60D6E7206821188B4204BF19685B68F3
:1080B000636004BF091821605460CAE738BD00BF7F
:1080C00040050020024B0146186800F025B800BFAB
:1080D0001800002070B50F4E0C463168054611B9E6
:1080E00000F04AFE30602146284600F045FE431C61
:1080F00003D14FF0FF34204670BDC41C24F00304AC
:10810000A042F8D0211A284600F036FE0130F2D104
:10811000EFE700BF3C0500202DE9F843CD1C25F01A
:10812000030508350C2D38BF0C25002D064601DB54
:10813000A94204D90C2333600020BDE8F883DFF89E
:10814000D48000F069F8D8F800301C4644BB2946BA
:108150003046FFF7BFFF431C044658D1D8F8004013
:108160002746002F43D1002C4BD023683946304698
:1081700004EB030900F000FE814542D121686D1A2D
:1081800029463046FFF7A6FF01303AD023682B443A
:108190002360D8F800305A6862BBC8F800700FE05E
:1081A0002268521B20D40B2A17D96119A3422560DB
:1081B00018BF5960636808BFC8F8001062514B606F
:1081C000304600F02FF804F10B00231D20F00700CB
:1081D000C21A1CBF1B1AA350AFE76268A3420CBFB0
:1081E000C8F800205A60EBE723466468AEE73C46D7
:1081F0007F68B6E71A465B68A342FBD10023536051
:10820000DEE70C233360304600F00CF894E705609D
:10821000D6E700BF400500200148FFF792B800BF35
:10822000380500200148FFF78DB800BF3805002051
:1082300070B5C46905460E4684B91020FFF742FFA9
:108240000446E86128B90246164B17486B2100F036
:10825000A3FD0023C0E901330360C360E36853B9A1
:1082600021220421284600F0B5FDEB69E060DB68BF
:108270000BB9002070BD53F8260030B1026843F8F6
:1082800026200023C0E90333F4E7012101FA06F4B4
:10829000621D9200284600F09DFD0028E9D0C0E94B
:1082A0000164EEE7F19600087197000870B5C669A1
:1082B00005460C4676B91020FFF704FF0246E86138
:1082C00020B9094B09488F2100F066FDC0E901661D
:1082D0000660C6603CB1EB696268DB6853F8221047
:1082E000216043F8224070BDF196000871970008A4
:1082F0002DE9F0410D6907460C461E4601F1140CAC
:108300000020DCF8003099B202FB01611E0C0B0C5E
:1083100002FB063389B2013001EB034185424CF880
:10832000041B4FEA1346ECDC0EB3A368AB4219DC26
:10833000616838460131FFF77BFF804628B9024665
:108340000C4B0D48BA2100F027FD2269023204F1DE
:108350000C0192000C30FEF7F6FF21463846FFF77D
:10836000A5FF444604EB850301355E612561204687
:10837000BDE8F0816097000871970008B0F5803F74
:10838000034636BF030400201020B3F1807F3CBFBA
:108390001B020830B3F1805F3CBF1B010430B3F116
:1083A000804F3CBF9B000230002B05DB13F0804F59
:1083B00000F1010008BF202070470368024613F057
:1083C00007000BD0D90721D4980749BF5B089B0849
:1083D000012013605CBF13600220704799B209B995
:1083E0001B0C1020D9B209B908301B0A190704BFA9
:1083F0001B090430990704BF9B080230D90703D436
:108400005B0800F1010003D0136070470020704743
:108410002020704710B50C460121FFF709FF0246E6
:1084200028B9054B054840F2451100F0B5FC012381
:108430004461036110BD00BF609700087197000898
:108440002DE9F04FD1F81090D2F810A0D14585B0A9
:108450008846144604DB53460C46CA469046994665
:10846000A36861680AEB0906B342B8BF0131FFF7A0
:10847000DFFE30B90246454B45484FF4B17100F07C
:108480008BFC00F1140505EB86072B460022BB424E
:108490001FD304F1140C08F114010CEB8A0301EB57
:1084A000890202921A1B153A22F0030215349C42EB
:1084B00088BF00220192029A03918A420CD8002EB2
:1084C00003DD57F8043D002B5DD0066105B0BDE823
:1084D000F08F43F8042BDAE7B1F800A0BAF1000FEF
:1084E00024D0E046A9464FF0000E58F8042BD9F8E6
:1084F00000401FFA82FBA4B20AFB0B444FEA124B66
:10850000D9F8002074444FEA124E0AFB0BE202EB4A
:108510001442A4B244EA0244434549F8044B4FEAEA
:10852000124EE2D8019AAA18C2F804E0039AB2F8EF
:1085300002800431B8F1000F23D02A68E646914644
:10854000AA464FF0000BBEF8004008FB04B404EB51
:10855000194492B242EA04424AF8042B5EF8042B12
:10856000DAF800904FEA124B1FFA89F208FB0B224F
:1085700002EB144273454FEA124BE4D8019C2C19CC
:108580006260043597E7013E99E700BF60970008F5
:10859000719700082DE9F843174612F00302804650
:1085A0000D4607D0264C013A002354F82220FFF74D
:1085B0009FFE0546BF103FD0D8F81C4094B910204C
:1085C000FFF780FD0446C8F81C0030B902461D4B79
:1085D0001D4840F2B31100F0DFFB0023C0E9013376
:1085E0000360C360A66846B940F271214046FFF7B8
:1085F00011FF0023A060064603602C464FF00009DF
:1086000007F001037F1053B1294632464046FFF779
:1086100017FF214605464046FFF748FE67B1306820
:1086200038B9324631464046FFF70AFF3060C0F89D
:10863000009006462C46E3E72846BDE8F88300BFD5
:1086400024980008F1960008719700082DE9F84F6A
:108650000C464968236903EB6218A3680746154670
:108660004FEA621A08F101094B450BDB3846FFF768
:10867000DFFD064648B90246294B2A484FF4EF7100
:1086800000F08AFB01315B00EEE7002300F1140CDF
:1086900000F110021946534535DB22692AEAEA7ACD
:1086A0000CEB8A0C04F1140315F01F0E614603EB6A
:1086B00082022CD0CEF1200A002518688B4600FAE1
:1086C0000EF02843CBF8000053F8045B9A4201F106
:1086D000040125FA0AF5F0D8131B153B23F0030318
:1086E00004F115018A4238BF00239C44CCF80450A1
:1086F00005B9C1463846C6F810902146FFF7D6FDA9
:108700003046BDE8F88F42F8041F0133C3E753F841
:10871000045B0D609A4201F10401F8D8E9E700BF5B
:1087200060970008719700080A6903460069801A7B
:1087300030B50ED11433143103EB820401EB820106
:1087400054F8045D51F8042D954203D005D24FF042
:10875000FF3030BDA342F3D3FBE70120F9E700006F
:108760002DE9F74F8A460646114650461446FFF754
:10877000DBFF051E12D129463046FFF759FD0246A0
:1087800028B9414B40F23721404800F005FB012356
:10879000C0E90435104603B0BDE8F08FBCBF5346B6
:1087A000A2463046DAF80410BABF1C46012500255F
:1087B000FFF73EFD024618B9334B40F24521E3E78F
:1087C000DAF810702669C5600AF1140904F1140E74
:1087D00000F114050AF1100309EB87080EEB860679
:1087E0000193AB464FF0000C019B5EF8040B53F86D
:1087F00004AF01931FFA8AF3194683B2CB1A000C17
:108800006344C0EB1A4000EB23409BB243EA0043B1
:1088100076454BF8043B4FEA204CE5D8331B153B1B
:10882000153423F00303A64238BF0023E8184B4455
:108830001C1D04302646A5EB0905464506EB050E32
:108840000ED308F10301091B21F003010133984500
:1088500038BF0021014451F8043D9BB1176199E7ED
:1088600056F8041BE2464FEA11491CFA81FC5144B8
:1088700009EB2C4989B241EA09414FEA294CCEF86B
:108880000010DAE7013FE6E76097000871970008FB
:108890002DE9F7430F46012159EC108B1646FFF7DF
:1088A000C7FC044630B90246234B244840F20F313E
:1088B00000F072FAC9F30A55C9F313030DB143F47A
:1088C00080130193B8F1000323D068460093FFF7AB
:1088D00074FD0099D8B1019AC0F1200302FA03F3A4
:1088E0000B43C24063610192019BA361002B0CBF4B
:1088F000012202222261A5B1A5F2334505443D6063
:10890000C0F135003060204603B0BDE8F0836161FE
:10891000EAE701A8FFF751FD019B636120300122C6
:10892000E8E704EB8203A0F2324038601869FFF7F1
:1089300025FDC0EB4210E5E760970008719700083D
:108940002DE9F0478E681F46BE4282460C4690468F
:10895000334653D8B1F90C0010F4906F2BD06569F1
:108960002368096905EB4505A3EB010905EBD575FE
:108970007B1C6D104B44AB422A4684BF1D462A46E1
:10898000430527D511465046FFF7C6FB064658B3A8
:1089900021694A46FEF7D7FCA38923F4906343F08C
:1089A0008003A381266165614E44A5EB090526601D
:1089B000A5603E463B461F4620683A46414600F0C9
:1089C000C1F9A3689B1BA36023683B44236000207C
:1089D000BDE8F087504600F023FA06460028E1D1B2
:1089E00021695046FFF724FB0C23CAF80030A38905
:1089F00043F04003A3814FF0FF30E9E73E46DBE759
:108A00002DE9F0471F468B891B069CB006460D4694
:108A1000144610D50B6973B94021FFF77DFB286020
:108A2000286130B90C2333604FF0FF301CB0BDE833
:108A3000F08740236B610023099320238DF82930B0
:108A400003973023654F8DF82A304FF001082346F5
:108A5000994613F8012B0AB1252AF9D1B9EB040A7A
:108A60000BD05346224629463046FFF769FF0130B6
:108A700000F0A480099A5244099299F80030002B22
:108A800000F09C8000234FF0FF32CDE9052309F16F
:108A90000109049307938DF853301A934C464F48BD
:108AA00014F8011B0522F7F79BFB049BD0B9D806ED
:108AB00044BF20228DF85320190744BF2B228DF884
:108AC000532099F800202A2A13D0079A4C460020F8
:108AD0004FF00A0C214611F8013B303B092B49D9D4
:108AE00068B913E0C01B08FA00F018430490A146CF
:108AF000D4E7039A111D12680391002A01DB079243
:108B000004E0524243F002030792049323782E2B91
:108B10000AD163782A2B32D1039B1A1D1B6803925A
:108B200043EAE37302340593DFF8C090217803220F
:108B30004846F7F755FB38B1049BA0EB09004022EB
:108B4000824013430134049314F8011B24488DF828
:108B500028100622F7F744FB002835D0214818BB1F
:108B6000039B073323F0070308330393099B034454
:108B700009936CE70CFB02320C460120AAE70023A4
:108B80000134059319464FF00A0C204610F8012BCA
:108B9000303A092A03D9002BC6D00591C4E70CFB53
:108BA000012104460123F0E703AB00932A460E4B54
:108BB00004A93046FDF712FE421CD7D1AB895B06F3
:108BC0003FF532AF099831E703AB00932A46064BD5
:108BD00004A93046FEF798F8EEE700BFCA970008F0
:108BE000D4970008DD67000841890008D097000885
:108BF000B1F90C202DE9F041160705460C4651D479
:108C00004B68002B02DC0B6C002B49DDE66A002E62
:108C100046D0002312F480522F682B6031D0626D51
:108C2000A389590705D56368D21A636B0BB1236C0E
:108C3000D21A0023E66A216A2846B047421CB4F9DA
:108C40000C3006D129681D2946D8294ACA40D607C2
:108C500042D500226260D9042269226004D5421CF8
:108C600001D12B6803B96065616B2F60C1B104F15C
:108C70004403994202D02846FFF7DAF900236363E0
:108C80000EE0216A01232846B0470246501CC7D196
:108C90002B68002BC4D01D2B01D0162B1AD12F60AE
:108CA00000201EE00F69002FFAD093070E6808BF5E
:108CB0004B690F6018BF0023A6EB07088B60B8F163
:108CC000000FEDDD216AA66A43463A462846B047C2
:108CD000002808DCB4F90C3043F04003A3814FF0C6
:108CE000FF30BDE8F0810744A8EB0008E7E700BFCC
:108CF0000100402038B50B6905460C4613B9002524
:108D0000284638BD18B1036A0BB9FEF7B1F9B4F9BA
:108D10000C30002BF3D0626ED00704D4990502D436
:108D2000A06DFEF70EFB28462146FFF761FF636E3C
:108D3000DA070546E4D4A3899B05E1D4A06DFEF7CC
:108D400001FBDDE7884210B501EB020402D9844241
:108D5000234607D8431EA14207D011F8012B03F880
:108D6000012FF8E70244824200D110BD13F8011D23
:108D700002F8011DF7E7000038B5064D0023044650
:108D800008462B60FAF734FA431C02D12B6803B172
:108D9000236038BD340500201FB514461A46094B20
:108DA0001B680546D8684CB1074B0091CDE90134EA
:108DB00006492B4600F070F800F080F8044B1C4682
:108DC000F3E700BF18000020E5970008F2970008BD
:108DD0002098000870B5A1FB025434B92946FFF76A
:108DE0009BF9064628B9304670BD0C220260002669
:108DF000F9E72A462146FEF727FAF4E782B001B9DF
:108E000001A942B14BB113780B601278101E18BF44
:108E1000012002B070471046FBE76FF00100F8E751
:108E20002DE9F041074614460D4621B9BDE8F04151
:108E30001146FFF771B92AB9FFF7FAF82546284617
:108E4000BDE8F08100F041F88442064602D8B4EB58
:108E5000500FF4D821463846FFF75EF9804608B92E
:108E60004546ECE7B4422246294628BF3246FEF783
:108E70006AFA29463846FFF7DBF8F1E70346084669
:108E800041B1FF2A04D98A221A604FF0FF3070479F
:108E90000A700120704700000EB403B5014603AB11
:108EA000054853F8042B0068019300F03FF802B026
:108EB0005DF804EB03B070471800002008B50620E9
:108EC00000F002FA0120FAF71BF951F8043C181FD0
:108ED000002BBCBF0B58C01870479368013B002B98
:108EE00010B4936008DA9469A34201DB0A2903D124
:108EF0005DF8044B00F02EB91368581C106019700F
:108F000008465DF8044B7047F8B506460F46144610
:108F1000D518AC4201D1002007E014F8011B3A46F5
:108F20003046FFF7DAFF431CF3D1F8BD2DE9F047D7
:108F30000D469CB014461F46064618B1036A0BB98D
:108F4000FEF796F86B6ED90705D4AB899A0502D463
:108F5000A86DFEF7F6F9AB891B0701D52B699BB904
:108F60002946304600F034F970B16B6EDC0704D549
:108F70004FF0FF301CB0BDE8F087AB899805F7D4FF
:108F8000A86DFEF7DFF9F3E70023099320238DF89E
:108F90002930039730236A4F8DF82A304FF00108AB
:108FA0002346994613F8012B0AB1252AF9D1B9EBCA
:108FB000040A0BD05346224629463046FFF7A4FF49
:108FC000013000F0A480099A5244099299F80030C7
:108FD000002B00F09C8000234FF0FF32CDE90523E9
:108FE00009F10109049307938DF853301A934C4605
:108FF000534814F8011B0522F7F7F2F8049BD0B987
:10900000D90644BF20228DF853201A0744BF2B22D3
:109010008DF8532099F800202A2A13D0079A4C463D
:1090200000204FF00A0C214611F8013B303B092B80
:1090300049D968B913E0C01B08FA00F0184304903E
:10904000A146D4E7039A111D12680391002A01DB9F
:10905000079204E0524243F00203079204932378FC
:109060002E2B0AD163782A2B32D1039B1A1D1B6841
:10907000039243EAE37302340593DFF8D490217836
:1090800003224846F7F7ACF838B1049BA0EB09007F
:109090004022824013430134049314F8011B2948F1
:1090A0008DF828100622F7F79BF800283ED02648B6
:1090B00018BB039B073323F0070308330393099B73
:1090C000034409936CE70CFB02320C460120AAE72B
:1090D00000230134059319464FF00A0C204610F87E
:1090E000012B303A092A03D9002BC6D00591C4E7D9
:1090F0000CFB012104460123F0E703AB00932A4651
:10910000124B04A93046FDF769FB431CD7D16B6EA7
:10911000D90705D4AB899A0502D4A86DFEF712F9D8
:10912000AB895B063FF524AF099823E703AB0093B7
:109130002A46064B04A93046FDF7E6FDE5E700BFE9
:10914000CA970008D4970008DD670008098F000857
:10915000D0970008F8B50E461446054618B1036AC4
:109160000BB9FDF785FFA369A360A3891A0701D591
:10917000236943B92146284600F02AF818B14FF078
:10918000FF373846F8BD23682269981A6369F6B23A
:109190008342374605DC21462846FFF7ABFD002811
:1091A000EDD1A368013BA36023685A1C22601E70A6
:1091B0006269431C9A4204D0A389DB07E1D50A2ED9
:1091C000DFD121462846FFF795FD0028D9D0D6E704
:1091D00038B5284B054618680C4618B1036A0BB918
:1091E000FDF746FFB4F90C301A0721D4D80607D48E
:1091F00009222A6043F04003A3814FF0FF3030E0A2
:10920000590712D5616B41B104F14403994202D070
:109210002846FEF70DFF002363630022B4F90C30EB
:1092200062602269226023F0240343F00803A381D3
:1092300022693AB99A0501D5180603D52146284670
:1092400000F082F8B4F90C3013F001020AD00022C9
:10925000A26062695242A261226942B913F08000A1
:10926000C8D138BD990758BF6269A260F4E70020F1
:10927000F7E700BF180000201F2938B505460C4647
:1092800004D9162303604FF0FF3038BDC26B12B112
:1092900052F821304BB9284600F030F822460146FA
:1092A0002846BDE8384000F017B8012B0AD0591CF9
:1092B00003D1162303600120E7E7002142F82410C0
:1092C000204698470020E0E7024B01461868FFF768
:1092D000D3BF00BF1800002038B5074D0023044657
:1092E000084611462B60F9F7FBFE431C02D12B68A0
:1092F00003B1236038BD00BF34050020F9F7E8BE94
:1093000070B50C46B1F90E10002996B015461E46F0
:109310000ADAA18911F0800113D14FF48062002094
:1093200031602A6016B070BD6A4600F047F8002828
:10933000EFDB019901F47041A1F500535942594105
:10934000EBE700214022EAE78B8973B59E070546CB
:109350000C4607D504F147032360236101236361B1
:1093600002B070BD01AB6A46FFF7CAFF009E2846F7
:109370003146FEF7D1FEB4F90C3038B99A05EFD476
:1093800023F0030343F00203A381E3E743F08003E8
:10939000A381019B2060C4E90406002BE0D0B4F94E
:1093A0000E10284600F01CF80028D9D0A38923F01D
:1093B000030343F00103A381D2E7000038B5074D52
:1093C00000230446084611462B60F9F7E9FE431CCA
:1093D00002D12B6803B1236038BD00BF34050020E3
:1093E00038B5064D0023044608462B60F9F7E8FE21
:1093F000431C02D12B6803B1236038BD3405002023
:10940000F8B500BFF8BC08BC9E467047F8B500BF71
:08941000F8BC08BC9E46704741
:10941800781E0000A0280000F03C00004051000029
:10942800127A0000E4A2000024F4000048E80100D9
:1094380090D0030020A107000D0A2D2D2D204932C0
:109448004320425553205343414E202D2D2D0D0AC4
:10945800000000005B4F4B5D20372D6269743A2095
:10946800307825303258207C20382D6269743A20B3
:109478003078253032580D0A000000002D2D2D209F
:109488005343414E20454E44202D2D2D0D0A0000FA
:109498005350492053746174653A2030782530322E
:1094A800580D0A005478205374617475733A202556
:1094B80064207C205278205374617475733A202597
:1094C80064207C20476F743A203078253032580D5C
:1094D8000A0000004C6F52612056657273696F6E06
:1094E8003A203078253032580D0A0000E29D8C2051
:1094F8004C6F526120696E6974206661696C65649D
:109508002120436865636B20776972696E6720263E
:10951800205350492073706565642E0D0A000000C1
:10952800F09F93A12052656164792E2053656E6483
:10953800696E672065766572792032732E2E2E0D3E
:109548000A000000496E69742073656E736F722E8D
:109558002E2E2000424D453238300000424D503208
:10956800383000004F4B2028636869703A20257313
:10957800290D0A004641494C0D0A00004163636504
:109588006C3A20583D252E336620593D252E3366EA
:10959800205A3D252E3366207C204779726F3A2069
:1095A800583D252E326620593D252E3266205A3DDB
:1095B800252E3266207C20543D252E3166C2B043CC
:1095C8000D0A0000543A20252E32662043207C20C4
:1095D800503A20252E32662050610000207C204819
:1095E8003A20252E32662025250000000D0A0000AD
:1095F800583A20252B35642028252E3266207554AC
:1096080029207C20593A20252B35642028252E3204
:109618006620755429207C205A3A20252B35642051
:1096280028252E3266207554290D0A00543A202523
:109638002E32662043207C20503A20252E32662088
:109648005061207C20483A20252E32662025250DA1
:109658000A257325730D0A0054583A2025730D0AFC
:1096680000000000E29C852053656E74204F4B0D6E
:109678000A000000E29D8C205458204572726F72D7
:10968800202F2054696D656F75740D0A0000000065
:10969800000000000000000001020304060708099A
:1096A8000000000001020304494E4600696E66008E
:1096B8004E414E006E616E00300030313233343529
:1096C8003637383941424344454600303132333425
:1096D800353637383961626364656600496E666994
:1096E8006E697479004E614E005245454E54206DA6
:1096F800616C6C6F63207375636365656465640092
:109708002F6275696C642F676E752D746F6F6C733B
:109718002D666F722D73746D33325F31342E332E94
:1097280072656C312E32303235313032372D303768
:1097380030302F7372632F6E65776C69622F6E6598
:10974800776C69622F6C6962632F7374646C6962E9
:109758002F64746F612E630042616C6C6F632073B9
:109768007563636565646564002F6275696C642F51
:10977800676E752D746F6F6C732D666F722D7374B1
:109788006D33325F31342E332E72656C312E3230A8
:109798003235313032372D303730302F7372632FF6
:1097A8006E65776C69622F6E65776C69622F6C697C
:1097B80062632F7374646C69622F6D707265632EB7
:1097C8006300232D302B2000686C4C0065666745CC
:1097D8004647004300504F534958002E002C20663E
:1097E800756E6374696F6E3A200061737365727485
:1097F800696F6E2022257322206661696C65643A60
:109808002066696C6520222573222C206C696E65A0
:10981800202564257325730A000000000500000058
:10982800190000007D0000000080E03779C3414343
:10983800176E05B5B5B89346F5F93FE9034F384DAE
:10984800321D30F94877825A3CBF737FDD4F15755A
:10985800000000000000F03F00000000000024406D
:1098680000000000000059400000000000408F4048
:10987800000000000088C34000000000006AF840B3
:109888000000000080842E4100000000D0126341D7
:109898000000000084D797410000000065CDCD414D
:1098A800000000205FA00242000000E8764837422E
:1098B800000000A2941A6D42000040E59C30A242CC
:1098C8000000901EC4BCD64200003426F56B0C4341
:1098D8000080E03779C3414300A0D88557347643E8
:1098E80000C84E676DC1AB43003D9160E458E14349
:1098F800408CB5781DAF154450EFE2D6E41A4B44BE
:1099080092D54D06CFF08044F64AE1C7022DB54402
:10991800B49DD9794378EA440020202020202020D3
:109928002020282828282820202020202020202007
:109938002020202020202020208810101010101017
:109948001010101010101010100404040404040463
:1099580004040410101010101010414141414141FD
:1099680001010101010101010101010101010101DF
:1099780001010101101010101010424242424242EF
:1099880002020202020202020202020202020202AF
:109998000202020210101010200000000000000057
:1099A80000000000000000000000000000000000AF
:1099B800000000000000000000000000000000009F
:1099C800000000000000000000000000000000008F
:1099D800000000000000000000000000000000007F
:1099E800000000000000000000000000000000006F
:1099F800000000000000000000000000000000005F
:109A0800000000000000000000000000000000004E
:0C9A180000000000000000000000000042
:089A2400BC67FF7F0100000098
:049A2C00C501000868
:049A3000A101000888
:109A34000024F400100000000100000000000000F9
:109A440003000000F80300201C00002000000000B8
:109A5400F803002060040020C80400200000000077
:109A640000000000000000000000000000000000F2
:109A740000000000000000000000000000000000E2
:109A840000000000000000000000000000000000D2
:109A9400000000000000000043000000000000007F
:109AA40000000000000000000000000000000000B2
:109AB400000000000000000043000000000000005F
:109AC4000000000000000000000000000000000092
:109AD400000000000000000043000000000000003F
:109AE4000000000000000000000000000000000072
:109AF400000000000000000043000000000000001F
:109B04000000000000000000000000000000000051
:109B140000000000000000004300000000000000FE
:109B24000000000000000000000000000000000031
:109B340000000000000000004300000000000000DE
:109B44000000000000000000000000000000000011
:109B540000000000000000004300000000000000BE
:109B640000000000000000000000000000000000F1
:109B740000000000000000007D8E0008FD8D00083C
:109B84000000000020990008E397000820980008CE
:109B940020980008209800082098000820980008C1
:109BA40020980008209800082098000820980008B1
:109BB400FFFFFFFFFFFFFFFFFFFFFFFFFFFF0000AF
:109BC4000100415343494900000000000000000027
:109BD4000000000000000000000000000000000081
:109BE4000000415343494900000000000000000008
:109BF4000000000000000000000000000000000061
:049C0400000000005C
:040000050800336557
:00000001FF
